periodo,conjunto,theta,solo,auc_long,auc_short,n,exp_usd,pf,beneficio,meses_pos,sharpe_dia
reciente,todas,0.6,ambos,0.5588710898864633,0.5370514258944272,4400,0.4919826153637152,1.1582635290983914,2164.7235076003467,0.3333333333333333,0.032488625724471636
reciente,todas,0.6,long,0.5588710898864633,0.5370514258944272,897,1.3621792692711483,1.4303881996199341,1221.87480453622,0.4117647058823529,0.03812665521130515
reciente,todas,0.6,short,0.5588710898864633,0.5370514258944272,3503,0.2691546397556743,1.086986993446967,942.848703064127,0.3888888888888889,0.015860142638485175
reciente,solo_propias_moneda,0.6,ambos,0.5608459181135357,0.553199282119184,774,0.40800963745354807,1.127401421718029,315.7994593890462,0.29411764705882354,0.016228874062421007
reciente,solo_propias_moneda,0.6,long,0.5608459181135357,0.553199282119184,174,2.8947930447441097,1.8754424453396983,503.6939897854751,0.38461538461538464,0.032708484400081714
reciente,solo_propias_moneda,0.6,short,0.5608459181135357,0.553199282119184,600,-0.31315755066071477,0.9012856023059256,-187.89453039642885,0.26666666666666666,-0.013585899561210934
reciente,solo_contexto_mercado,0.6,ambos,0.5166635642886952,0.5190648004073479,5448,-0.1652268236412417,0.9560971709901035,-900.1557351974848,0.3888888888888889,-0.009707528587617708
reciente,solo_contexto_mercado,0.6,long,0.5166635642886952,0.5190648004073479,1276,0.8173990954253555,1.2296309919337232,1043.0012457627536,0.5882352941176471,0.02191376743521731
reciente,solo_contexto_mercado,0.6,short,0.5166635642886952,0.5190648004073479,4172,-0.46576150070954886,0.8782581488700704,-1943.156980960238,0.3333333333333333,-0.023675461294569718
reciente,propias_sin_oi_ls,0.6,ambos,0.5600748718640973,0.552676760481651,585,0.44280122887536794,1.1424099906409506,259.03871889209023,0.47058823529411764,0.01596638047022511
reciente,propias_sin_oi_ls,0.6,long,0.5600748718640973,0.552676760481651,155,3.3278332377382576,2.229296909339288,515.8141518494299,0.5714285714285714,0.038260219773826404
reciente,propias_sin_oi_ls,0.6,short,0.5600748718640973,0.552676760481651,430,-0.597152169668232,0.8165055598380452,-256.7754329573398,0.375,-0.02558309870788157
