simbolo,n,duplicados,velas_imposibles,minutos_faltantes,racha_hueco_max_min,saltos_mayores_40pct_1m,minutos_sin_volumen,desde,hasta,marcas_funding,intervalos_funding_h
BTCUSDT,1445760,0,0,0,0,0,225,2023-11-01,2026-07-31,3105,8
ETHUSDT,1445760,0,0,0,0,0,130,2023-11-01,2026-07-31,3105,8
SOLUSDT,1445760,0,0,0,0,0,131,2023-11-01,2026-07-31,3105,8
XRPUSDT,1445760,0,0,0,0,0,130,2023-11-01,2026-07-31,3105,8
DOGEUSDT,1445760,0,0,0,0,0,131,2023-11-01,2026-07-31,3105,8
1000PEPEUSDT,1445760,0,0,0,0,0,131,2023-11-01,2026-07-31,3105,8
SUIUSDT,1445760,0,0,0,0,2,131,2023-11-01,2026-07-31,3105,8
BNBUSDT,1445760,0,0,0,0,0,131,2023-11-01,2026-07-31,3105,8
ADAUSDT,1445760,0,0,0,0,0,130,2023-11-01,2026-07-31,3105,8
ZECUSDT,1445760,0,0,0,0,0,1836,2023-11-01,2026-07-31,3105,8
TRUMPUSDT,805620,0,0,0,0,3,34,2025-01-18,2026-07-31,3541,4
ENAUSDT,1224690,0,0,0,0,2,128,2024-04-02,2026-07-31,5287,4
WIFUSDT,1332585,0,0,0,0,0,131,2024-01-18,2026-07-31,5737,4
LINKUSDT,1445760,0,0,0,0,0,131,2023-11-01,2026-07-31,3105,8
HYPEUSDT,615690,0,0,0,0,0,19,2025-05-30,2026-07-31,2750,4
NULSUSDT,1014690,0,0,0,0,0,683413,2024-08-26,2026-07-31,1783,"4,8"
CLANKERUSDT,376560,0,0,0,0,0,7658,2025-11-12,2026-07-31,1754,4
CARVUSDT,515955,0,0,0,0,0,19511,2025-08-07,2026-07-31,2335,4
ARPAUSDT,1445760,0,0,0,0,0,10545,2023-11-01,2026-07-31,3105,8
ROBOUSDT,222675,0,0,0,0,0,826,2026-02-27,2026-07-31,1112,4
VFYUSDT,438480,0,0,0,0,0,199588,2025-09-30,2026-07-31,1009,4
CELOUSDT,1445760,0,0,0,0,0,25138,2023-11-01,2026-07-31,3105,8
TUSDT,1445760,0,0,0,0,0,19929,2023-11-01,2026-07-31,4890,"1,2,4,8"
GALAUSDT,1445760,0,0,0,0,2,135,2023-11-01,2026-07-31,3105,8
AVAAIUSDT,807045,0,0,0,0,0,9698,2025-01-17,2026-07-31,3547,4
HIGHUSDT,1445760,0,0,0,0,0,76933,2023-11-01,2026-07-31,2861,8
RSRUSDT,1445760,0,0,0,0,0,7206,2023-11-01,2026-07-31,3105,8
STGUSDT,1445760,0,0,0,0,0,14197,2023-11-01,2026-07-31,3426,"1,4,8"
SYRUPUSDT,648930,0,0,0,0,0,809,2025-05-07,2026-07-31,2891,"4,8"
GMTUSDT,1445760,0,0,0,0,0,6435,2023-11-01,2026-07-31,3897,"1,4,8"
MOVRUSDT,1365810,0,0,0,0,0,7541,2023-12-26,2026-07-31,5875,4
BNXUSDT,1445760,0,0,0,0,0,725384,2023-11-01,2026-07-31,2179,"4,8"
ALPHAUSDT,1445760,0,0,0,0,1,450065,2023-11-01,2026-07-31,2078,8
PORTALUSDT,1272060,0,0,0,0,1,3410,2024-02-29,2026-07-31,5485,4
RPLUSDT,994290,0,0,0,0,1,8561,2024-09-09,2026-07-31,4430,"1,4"
SPXUSDT,861795,0,0,0,0,0,560,2024-12-10,2026-07-31,3775,4
XVGUSDT,1445760,0,0,0,0,0,5922,2023-11-01,2026-07-31,3105,8
USTCUSDT,1407570,0,0,0,0,0,10660,2023-11-27,2026-07-31,6050,"4,8"
MASKUSDT,1445760,0,0,0,0,0,4481,2023-11-01,2026-07-31,5207,"1,4,8"
SAFEUSDT,928050,0,0,0,0,0,24542,2024-10-25,2026-07-31,4051,4
INJUSDT,1445760,0,0,0,0,0,131,2023-11-01,2026-07-31,3105,8
DAMUSDT,500370,0,0,0,0,0,136994,2025-08-18,2026-07-31,1524,4
AINUSDT,556635,0,0,0,0,2,4500,2025-07-10,2026-07-31,2504,4
SSVUSDT,1445760,0,0,0,0,1,6959,2023-11-01,2026-07-31,3105,8
DFUSDT,833055,0,0,0,0,2,255398,2024-12-30,2026-07-31,2418,4
MITOUSDT,485730,0,0,0,0,1,1792,2025-08-28,2026-07-31,2210,4
SAHARAUSDT,576720,0,0,0,0,2,935,2025-06-26,2026-07-31,3423,"1,4"
BANKUSDT,675690,0,0,0,0,3,2929,2025-04-18,2026-07-31,3103,"1,4"
SOONUSDT,625890,0,0,0,0,0,5606,2025-05-23,2026-07-31,3881,"1,4,8"
FUSDT,588195,0,0,0,0,1,4018,2025-06-18,2026-07-31,2921,"1,4"
