periodo,factor,R,k,largo,n_reb,universo_medio,bruto_pct,neto_pct,t,pct_pos,sharpe_anual
reciente,mom1,1,5,alto,729,397,-0.2370128427810304,-0.37701284278103037,-1.4567405383427285,0.44170096021947874,-1.0307773669372913
reciente,mom1,1,5,bajo,729,397,0.2370128427810304,0.09701284278103048,0.37484808150442017,0.5377229080932785,0.2652393533952141
reciente,mom3,1,5,alto,729,397,-0.3730725812434172,-0.5130725812434173,-1.9900935394776627,0.4403292181069959,-1.4081734698722843
reciente,mom3,1,5,bajo,729,397,0.3730725812434172,0.2330725812434173,0.9040363003569848,0.5349794238683128,0.6396884913753005
reciente,mom7,1,5,alto,729,397,-0.03947761505988536,-0.17947761505988533,-0.7461213420231768,0.4444444444444444,-0.5279491934928394
reciente,mom7,1,5,bajo,729,397,0.03947761505988536,-0.10052238494011458,-0.41788997881358736,0.5171467764060357,-0.2956954383386609
reciente,mom14,1,5,alto,729,394,0.20600727567016275,0.06600727567016272,0.28484857295097327,0.48559670781893005,0.2015564572235238
reciente,mom14,1,5,bajo,729,394,-0.20600727567016275,-0.3460072756701627,-1.4931638626899397,0.47599451303155005,-1.0565502052551115
reciente,mom30,1,5,alto,729,385,0.11088008276122288,-0.02911991723877712,-0.1453084456666193,0.4718792866941015,-0.10281903542575078
reciente,mom30,1,5,bajo,729,385,-0.11088008276122288,-0.2508800827612228,-1.2518921182303817,0.48010973936899864,-0.8858283457856667
reciente,mom60,1,5,alto,700,375,0.0931848917750622,-0.04681510822493771,-0.2669871437735302,0.48857142857142855,-0.192791446361928
reciente,mom60,1,5,bajo,700,375,-0.0931848917750622,-0.23318489177506216,-1.3298563345625258,0.48428571428571426,-0.9602894078351499
reciente,vol14,1,5,alto,729,394,-0.2155238748537982,-0.3555238748537981,-1.7273817647382288,0.401920438957476,-1.2222808250932689
reciente,vol14,1,5,bajo,729,394,0.2155238748537982,0.0755238748537982,0.36694740762057537,0.5651577503429356,0.2596489029281153
reciente,vol30,1,5,alto,729,385,-0.08654320640582976,-0.22654320640582964,-1.2105468668955284,0.4046639231824417,-0.8565727932802186
reciente,vol30,1,5,bajo,729,385,0.08654320640582976,-0.05345679359417019,-0.28564950159564106,0.5665294924554184,-0.2021231876039349
reciente,volumen_rel,1,5,alto,701,376,-0.33813853486633183,-0.4781385348663317,-2.8258475345881986,0.4094151212553495,-2.03908884836128
reciente,volumen_rel,1,5,bajo,701,376,0.33813853486633183,0.1981385348663318,1.1710189608864503,0.5477888730385164,0.8449895739725896
reciente,maxret30,1,5,alto,729,385,-0.10448990739413268,-0.24448990739413265,-1.3375207689550224,0.3895747599451303,-0.9464184596770208
reciente,maxret30,1,5,bajo,729,385,0.10448990739413268,-0.03551009260586726,-0.1942635868862186,0.5733882030178327,-0.13745928208339522
reciente,dist_max90,1,5,alto,671,365,-0.037818206807656685,-0.1778182068076567,-1.0008051933391489,0.4873323397913562,-0.7381331708533754
reciente,dist_max90,1,5,bajo,671,365,0.037818206807656685,-0.10218179319234325,-0.5751046033335694,0.4798807749627422,-0.4241622518111035
reciente,mom1,1,10,alto,729,397,-0.13633677295388705,-0.2763367729538869,-1.7396185853049706,0.4403292181069959,-1.2309394965254652
reciente,mom1,1,10,bajo,729,397,0.13633677295388705,-0.003663227046112935,-0.02306105620142457,0.522633744855967,-0.016317809633512603
reciente,mom3,1,10,alto,729,397,-0.05425652426017158,-0.19425652426017145,-1.1877446338389641,0.4403292181069959,-0.8404381247296507
reciente,mom3,1,10,bajo,729,397,0.05425652426017158,-0.08574347573982836,-0.5242622021810937,0.5157750342935528,-0.3709635299665381
reciente,mom7,1,10,alto,729,397,-0.09643259594801641,-0.2364325959480163,-1.516795517125949,0.4567901234567901,-1.0732717654058528
reciente,mom7,1,10,bajo,729,397,0.09643259594801641,-0.04356740405198351,-0.27949971489291997,0.5075445816186557,-0.1977716501970961
reciente,mom14,1,10,alto,729,394,0.10712610460695599,-0.032873895393043896,-0.2375478899117541,0.49657064471879286,-0.1680868912753077
reciente,mom14,1,10,bajo,729,394,-0.10712610460695599,-0.24712610460695594,-1.785741664917374,0.4567901234567901,-1.2635758001818456
reciente,mom30,1,10,alto,729,385,0.05007773476587749,-0.08992226523412244,-0.6882171186367668,0.4663923182441701,-0.4869766514746877
reciente,mom30,1,10,bajo,729,385,-0.05007773476587749,-0.19007773476587742,-1.454753731981565,0.4773662551440329,-1.0293715194471786
reciente,mom60,1,10,alto,700,375,0.029796380133474736,-0.11020361986652519,-0.8454006842029635,0.49142857142857144,-0.6104639285594384
reciente,mom60,1,10,bajo,700,375,-0.029796380133474736,-0.16979638013347467,-1.3025522765394089,0.4657142857142857,-0.9405731444846873
reciente,vol14,1,10,alto,729,394,-0.11916001607932894,-0.25916001607932887,-1.9306791667876473,0.4252400548696845,-1.3661323588935794
reciente,vol14,1,10,bajo,729,394,0.11916001607932894,-0.020839983920670994,-0.1552528179328134,0.5404663923182441,-0.10985558969920657
reciente,vol30,1,10,alto,729,385,-0.07701082624149179,-0.21701082624149176,-1.7031271734391098,0.411522633744856,-1.2051184800514478
reciente,vol30,1,10,bajo,729,385,0.07701082624149179,-0.06298917375850811,-0.4943466430620021,0.5486968449931413,-0.3497955316527716
reciente,volumen_rel,1,10,alto,701,376,-0.2157986649951565,-0.35579866499515644,-2.9799671645007337,0.39229671897289586,-2.150299242701969
reciente,volumen_rel,1,10,bajo,701,376,0.2157986649951565,0.07579866499515654,0.6348464876944735,0.5534950071326676,0.45809562534228226
reciente,maxret30,1,10,alto,729,385,-0.021194782786429445,-0.16119478278642935,-1.3646711853155271,0.4170096021947874,-0.9656298662046173
reciente,maxret30,1,10,bajo,729,385,0.021194782786429445,-0.11880521721357054,-1.0058021344978751,0.5157750342935528,-0.7116971406844368
reciente,dist_max90,1,10,alto,671,365,0.024628532954005116,-0.11537146704599481,-0.9270947763673859,0.5156482861400894,-0.6837688408454932
reciente,dist_max90,1,10,bajo,671,365,-0.024628532954005116,-0.1646285329540051,-1.322911607614707,0.4307004470938897,-0.9756993130994599
reciente,mom1,3,5,alto,242,398,-1.0622725749560251,-1.2022725749560248,-1.8805828682388102,0.4297520661157025,-1.3334311529412017
reciente,mom1,3,5,bajo,242,398,1.0622725749560251,0.9222725749560247,1.442609638144855,0.5413223140495868,1.022885332799548
reciente,mom3,3,5,alto,242,398,0.20098712760349785,0.06098712760349773,0.08958149987885479,0.4297520661157025,0.06351794684672982
reciente,mom3,3,5,bajo,242,398,-0.20098712760349785,-0.3409871276034979,-0.5008620594282901,0.5495867768595041,-0.3551372740056032
reciente,mom7,3,5,alto,242,398,0.08090909207822035,-0.05909090792177972,-0.07551292607323899,0.47107438016528924,-0.05354259563690563
reciente,mom7,3,5,bajo,242,398,-0.08090909207822035,-0.22090909207822043,-0.28230217686096076,0.5041322314049587,-0.20016693947768116
reciente,mom14,3,5,alto,242,394,0.30561659636797794,0.16561659636797804,0.22722270314226428,0.47520661157024796,0.16111272528455817
reciente,mom14,3,5,bajo,242,394,-0.30561659636797794,-0.4456165963679779,-0.6113771796566442,0.512396694214876,-0.4334982474422794
reciente,mom30,3,5,alto,242,386,0.7327322411708691,0.5927322411708691,0.9945473682546745,0.5165289256198347,0.7051858582272604
reciente,mom30,3,5,bajo,242,386,-0.7327322411708691,-0.8727322411708691,-1.4643602850638215,0.4628099173553719,-1.0383076737600057
reciente,mom60,3,5,alto,233,375,0.9691762733000405,0.8291762733000403,1.2068033671926979,0.5493562231759657,0.8720559660838195
reciente,mom60,3,5,bajo,233,375,-0.9691762733000405,-1.1091762733000405,-1.6143221948469517,0.43776824034334766,-1.166535774980997
reciente,vol14,3,5,alto,242,394,-0.8119264412092297,-0.9519264412092299,-1.6337380970441928,0.371900826446281,-1.1584053599221473
reciente,vol14,3,5,bajo,242,394,0.8119264412092297,0.6719264412092298,1.1531897611966448,0.5991735537190083,0.8176715734268631
reciente,vol30,3,5,alto,242,386,-0.04653461001496933,-0.18653461001496927,-0.31934003539457056,0.3884297520661157,-0.22642870929439568
reciente,vol30,3,5,bajo,242,386,0.04653461001496933,-0.09346538998503053,-0.16000913151501361,0.6033057851239669,-0.11345480399755017
reciente,volumen_rel,3,5,alto,233,376,-0.8096419030840565,-0.9496419030840565,-2.115836211783892,0.3605150214592275,-1.52893805395532
reciente,volumen_rel,3,5,bajo,233,376,0.8096419030840565,0.6696419030840566,1.4919861717050993,0.6137339055793991,1.0781337521261953
reciente,maxret30,3,5,alto,242,386,-0.2811518655409163,-0.4211518655409161,-0.7707788288994142,0.384297520661157,-0.5465223148845041
reciente,maxret30,3,5,bajo,242,386,0.2811518655409163,0.14115186554091624,0.2583316815630372,0.5826446280991735,0.18317061045570315
reciente,dist_max90,3,5,alto,223,366,0.6614220940951863,0.5214220940951865,1.0359252096225406,0.5381165919282511,0.7651767672665077
reciente,dist_max90,3,5,bajo,223,366,-0.6614220940951863,-0.8014220940951863,-1.5922097667578587,0.4439461883408072,-1.17607131366352
reciente,mom1,3,10,alto,242,398,-0.36320799833532036,-0.5032079983353202,-1.1681106153595033,0.4462809917355372,-0.8282512357779728
reciente,mom1,3,10,bajo,242,398,0.36320799833532036,0.2232079983353201,0.5181388872020499,0.5289256198347108,0.36738744429408726
reciente,mom3,3,10,alto,242,398,0.12163783835904549,-0.018362161640954482,-0.04255343798908148,0.4628099173553719,-0.030172602780611596
reciente,mom3,3,10,bajo,242,398,-0.12163783835904549,-0.26163783835904525,-0.6063332709901046,0.5247933884297521,-0.42992185362196733
reciente,mom7,3,10,alto,242,398,0.10982105884533254,-0.030178941154667478,-0.06813757953901252,0.45454545454545453,-0.04831309099843966
reciente,mom7,3,10,bajo,242,398,-0.10982105884533254,-0.2498210588453325,-0.5640423956677324,0.5165289256198347,-0.3999354214405367
reciente,mom14,3,10,alto,242,394,0.11470053405369193,-0.025299465946308025,-0.0584121586876259,0.4462809917355372,-0.04141726132896716
reciente,mom14,3,10,bajo,242,394,-0.11470053405369193,-0.2547005340536918,-0.5880601608168893,0.5289256198347108,-0.4169652672478124
reciente,mom30,3,10,alto,242,386,0.40674379289795376,0.26674379289795386,0.7391612792818997,0.5289256198347108,0.5241038262596762
reciente,mom30,3,10,bajo,242,386,-0.40674379289795376,-0.5467437928979538,-1.5150562155817258,0.44214876033057854,-1.0742537276253288
reciente,mom60,3,10,alto,233,375,0.6485442837393616,0.5085442837393614,1.2562194364461354,0.5150214592274678,0.9077648306630732
reciente,mom60,3,10,bajo,233,375,-0.6485442837393616,-0.7885442837393614,-1.9478827850507816,0.44635193133047213,-1.407572144820063
reciente,vol14,3,10,alto,242,394,-0.2907181836363661,-0.43071818363636616,-1.101226048298208,0.3884297520661157,-0.7808265958555427
reciente,vol14,3,10,bajo,242,394,0.2907181836363661,0.15071818363636616,0.3853442832882193,0.5785123966942148,0.2732291570993198
reciente,vol30,3,10,alto,242,386,-0.35235357881494733,-0.4923535788149472,-1.3146849148272997,0.39669421487603307,-0.932180044463724
reciente,vol30,3,10,bajo,242,386,0.35235357881494733,0.21235357881494726,0.5670275563946521,0.5578512396694215,0.4020520557973832
reciente,volumen_rel,3,10,alto,233,376,-0.4291452519473219,-0.5691452519473218,-1.8983232730776667,0.3648068669527897,-1.371759626171815
reciente,volumen_rel,3,10,bajo,233,376,0.4291452519473219,0.2891452519473218,0.9644131426792789,0.5836909871244635,0.6969008023233496
reciente,maxret30,3,10,alto,242,386,-0.0828262300191705,-0.22282623001917048,-0.6565411259007917,0.4380165289256198,-0.4655218364735395
reciente,maxret30,3,10,bajo,242,386,0.0828262300191705,-0.057173769980829466,-0.1684583153068525,0.5206611570247934,-0.11944571515347016
reciente,dist_max90,3,10,alto,223,366,0.027298734999971597,-0.11270126500002837,-0.2666151042767619,0.5291479820627802,-0.19693283038188603
reciente,dist_max90,3,10,bajo,223,366,-0.027298734999971597,-0.16729873499997158,-0.39577523533011394,0.43946188340807174,-0.2923357905773746
reciente,mom1,7,5,alto,103,398,0.1287578896016256,-0.011242110398374645,-0.008417936962754684,0.4854368932038835,-0.00598941587142962
reciente,mom1,7,5,bajo,103,398,-0.1287578896016256,-0.26875788960162544,-0.20124219499183674,0.49514563106796117,-0.1431851060442025
reciente,mom3,7,5,alto,103,398,-0.7506902724517065,-0.8906902724517067,-0.6443241361602504,0.4174757281553398,-0.45844073489005127
reciente,mom3,7,5,bajo,103,398,0.7506902724517065,0.6106902724517064,0.44177251557470926,0.5728155339805825,0.31432396417930525
reciente,mom7,7,5,alto,103,398,1.090029379274026,0.9500293792740255,0.7794149382660615,0.49514563106796117,0.5545587027242898
reciente,mom7,7,5,bajo,103,398,-1.090029379274026,-1.2300293792740264,-1.0091301317911976,0.4854368932038835,-0.7180025289367566
reciente,mom14,7,5,alto,103,394,1.2232958521857213,1.0832958521857208,0.901143161073866,0.5242718446601942,0.6411691101093555
reciente,mom14,7,5,bajo,103,394,-1.2232958521857213,-1.3632958521857212,-1.1340620673833357,0.46601941747572817,-0.8068923984136492
reciente,mom30,7,5,alto,103,386,2.9004190884989387,2.7604190884989386,1.6377581164126587,0.5631067961165048,1.1652753518356938
reciente,mom30,7,5,bajo,103,386,-2.9004190884989387,-3.0404190884989397,-1.8038822656428062,0.42718446601941745,-1.2834737442006074
reciente,mom60,7,5,alto,99,376,2.5194889479749056,2.3794889479749046,1.5271118335982958,0.5858585858585859,1.108282963797232
reciente,mom60,7,5,bajo,99,376,-2.5194889479749056,-2.6594889479749053,-1.7068106356336787,0.40404040404040403,-1.2386971983862713
reciente,vol14,7,5,alto,103,394,-1.0504683368133738,-1.1904683368133744,-1.1980787125801515,0.3300970873786408,-0.8524406500189947
reciente,vol14,7,5,bajo,103,394,1.0504683368133738,0.9104683368133738,0.9162887403912211,0.6601941747572816,0.6519452864512222
reciente,vol30,7,5,alto,103,386,1.1802820677197048,1.0402820677197044,0.5952430383207394,0.36893203883495146,0.42351922054659397
reciente,vol30,7,5,bajo,103,386,-1.1802820677197048,-1.3202820677197051,-0.7554573262543411,0.6116504854368932,-0.5375127088828731
reciente,volumen_rel,7,5,alto,99,377,-1.0303328856224763,-1.170332885622476,-1.4155902224631103,0.37373737373737376,-1.0273475018375693
reciente,volumen_rel,7,5,bajo,99,377,1.0303328856224763,0.8903328856224761,1.0769128536913593,0.5959595959595959,0.7815564931011786
reciente,maxret30,7,5,alto,103,386,0.5778518133005653,0.4378518133005648,0.2546829538293201,0.3786407766990291,0.18120854701063652
reciente,maxret30,7,5,bajo,103,386,-0.5778518133005653,-0.7178518133005655,-0.41754907635296473,0.6019417475728155,-0.2970888325814737
reciente,dist_max90,7,5,alto,95,365,1.37067116943292,1.2306711694329207,1.4041816049756777,0.5894736842105263,1.0403006958368601
reciente,dist_max90,7,5,bajo,95,365,-1.37067116943292,-1.5106711694329198,-1.7236583743667713,0.4105263157894737,-1.2769879621588138
reciente,mom1,7,10,alto,103,398,-0.2972164652245728,-0.437216465224573,-0.5754448381740866,0.47572815533980584,-0.40943267479212225
reciente,mom1,7,10,bajo,103,398,0.2972164652245728,0.1572164652245729,0.20692130920318227,0.49514563106796117,0.14722583204911233
reciente,mom3,7,10,alto,103,398,0.07730491459075704,-0.0626950854092432,-0.06870259444070911,0.5145631067961165,-0.04888233439763371
reciente,mom3,7,10,bajo,103,398,-0.07730491459075704,-0.21730491459075701,-0.23812730008500238,0.4563106796116505,-0.1694290937150322
reciente,mom7,7,10,alto,103,398,-0.0569486630681433,-0.19694866306814324,-0.22063705820804683,0.5242718446601942,-0.15698467499860838
reciente,mom7,7,10,bajo,103,398,0.0569486630681433,-0.083051336931857,-0.09304050291801251,0.44660194174757284,-0.06619891160132672
reciente,mom14,7,10,alto,103,394,0.771130468198002,0.6311304681980019,0.7347958223034854,0.5436893203883495,0.5228119169621928
reciente,mom14,7,10,bajo,103,394,-0.771130468198002,-0.9111304681980024,-1.0607867871073418,0.4368932038834951,-0.7547565688617881
reciente,mom30,7,10,alto,103,386,1.716594459406125,1.5765944594061245,1.5117187885943542,0.5242718446601942,1.0755975657226178
reciente,mom30,7,10,bajo,103,386,-1.716594459406125,-1.8565944594061252,-1.7801970001477954,0.44660194174757284,-1.2666215266439178
reciente,mom60,7,10,alto,99,376,1.7327899127557163,1.592789912755716,1.5427090670908137,0.5959595959595959,1.1196024675701772
reciente,mom60,7,10,bajo,99,376,-1.7327899127557163,-1.872789912755716,-1.8139052464024272,0.3838383838383838,-1.3164198183137399
reciente,vol14,7,10,alto,103,394,-0.7198056247911441,-0.8598056247911441,-1.215768853478106,0.42718446601941745,-0.8650272981645949
reciente,vol14,7,10,bajo,103,394,0.7198056247911441,0.5798056247911446,0.8198476485469803,0.5631067961165048,0.5833268341266666
reciente,vol30,7,10,alto,103,386,-0.3851105844420004,-0.525110584442,-0.5249172069133721,0.36893203883495146,-0.37348194268784735
reciente,vol30,7,10,bajo,103,386,0.3851105844420004,0.24511058444200057,0.2450203198758991,0.6019417475728155,0.17433352128681642
reciente,volumen_rel,7,10,alto,99,377,-0.2954877782872315,-0.4354877782872314,-0.749848455570881,0.41414141414141414,-0.5441934575156189
reciente,volumen_rel,7,10,bajo,99,377,0.2954877782872315,0.15548777828723154,0.26772799656372503,0.5656565656565656,0.1943003590143036
reciente,maxret30,7,10,alto,103,386,0.46266422569631765,0.32266422569631764,0.33776005662286546,0.44660194174757284,0.24031843583798426
reciente,maxret30,7,10,bajo,103,386,-0.46266422569631765,-0.6026642256963174,-0.6308598437167452,0.5533980582524272,-0.448860804888733
reciente,dist_max90,7,10,alto,95,365,0.23172259402035092,0.09172259402035099,0.11835404232842671,0.5578947368421052,0.08768366723583461
reciente,dist_max90,7,10,bajo,95,365,-0.23172259402035092,-0.371722594020351,-0.4796514108329276,0.43157894736842106,-0.35535410425581615
