periodo,k,lado,stop,obj,h,n,neto_pct,t,aciertos,pf
reciente,1,CORTO,0.08,0.1,3,370,-0.838882115019283,-1.8768133286489028,0.4135135135135135,0.8194168550822277
reciente,1,CORTO,0.08,0.1,7,370,-0.7303087522120706,-1.5994985031206481,0.41621621621621624,0.8452836162545303
reciente,1,CORTO,0.08,0.1,14,370,-0.6959640303596676,-1.5154914801810127,0.41621621621621624,0.8532077602512531
reciente,1,CORTO,0.08,0.2,3,370,0.14268167084757175,0.23352821169034865,0.34594594594594597,1.0276114496312552
reciente,1,CORTO,0.08,0.2,7,370,0.48321454243738254,0.7380597338032158,0.327027027027027,1.0890390376479342
reciente,1,CORTO,0.08,0.2,14,370,0.574893266268681,0.8655630574263286,0.32432432432432434,1.1051390225752946
reciente,1,CORTO,0.08,0.4,3,370,0.039652096145028626,0.05797261458092496,0.3162162162162162,1.0073742049091499
reciente,1,CORTO,0.08,0.4,7,370,1.348862977486343,1.5704330030341163,0.2756756756756757,1.2312217436978057
reciente,1,CORTO,0.08,0.4,14,370,1.8162016835136432,1.9453612611134024,0.2648648648648649,1.3051447809128205
reciente,1,CORTO,0.15,0.1,3,370,-0.43969594720762756,-0.7186035140011091,0.5864864864864865,0.9243127824860593
reciente,1,CORTO,0.15,0.1,7,370,-0.3228298766779194,-0.5124306301071744,0.5918918918918918,0.9463680492526618
reciente,1,CORTO,0.15,0.1,14,370,-0.24762495454428984,-0.3906429780285211,0.5945945945945946,0.9590812240773519
reciente,1,CORTO,0.15,0.2,3,370,1.0483585032871514,1.3161394620966946,0.5135135135135135,1.1580989719403847
reciente,1,CORTO,0.15,0.2,7,370,1.5322511343371887,1.7528948912297504,0.4945945945945946,1.2066661707329955
reciente,1,CORTO,0.15,0.2,14,370,1.4812218514447566,1.6705531099777402,0.4837837837837838,1.1950277911113092
reciente,1,CORTO,0.15,0.4,3,370,0.9092764064820152,1.004468804696448,0.4702702702702703,1.1273995399861378
reciente,1,CORTO,0.15,0.4,7,370,2.476719000818618,2.2140827045455813,0.4243243243243243,1.2955726361630373
reciente,1,CORTO,0.15,0.4,14,370,2.811089499647391,2.321493787475553,0.3945945945945946,1.3168323215005653
reciente,1,CORTO,0.25,0.1,3,370,-0.23344859420381783,-0.3081794930043912,0.6756756756756757,0.963542111072186
reciente,1,CORTO,0.25,0.1,7,370,-0.031554719748073966,-0.0395262395672803,0.7081081081081081,0.9953665813296857
reciente,1,CORTO,0.25,0.1,14,370,-0.05670442913176994,-0.0698628429661752,0.7108108108108108,0.9919069898662543
reciente,1,CORTO,0.25,0.2,3,370,0.8034035538531792,0.8418637103584807,0.5837837837837838,1.1028659495326625
reciente,1,CORTO,0.25,0.2,7,370,1.9516144508012707,1.8314813198090274,0.6081081081081081,1.221709067931909
reciente,1,CORTO,0.25,0.2,14,370,1.9218674005033096,1.7344577258425307,0.6054054054054054,1.2041497836237267
reciente,1,CORTO,0.25,0.4,3,370,0.4636081430777232,0.4333032803460171,0.5351351351351351,1.0542466434385906
reciente,1,CORTO,0.25,0.4,7,370,2.619534231699127,1.967451693029822,0.5297297297297298,1.2520778421685739
reciente,1,CORTO,0.25,0.4,14,370,2.89223511470804,1.9653700470516244,0.5027027027027027,1.246049138055779
reciente,1,LARGO,0.08,0.1,3,370,-2.4868187445014547,-5.883767603053609,0.31891891891891894,0.5403276384646721
reciente,1,LARGO,0.08,0.1,7,370,-2.727270734191139,-6.402591935814201,0.2972972972972973,0.5163679366208762
reciente,1,LARGO,0.08,0.1,14,370,-2.7386676488298813,-6.396025085225964,0.3,0.5178751960198333
reciente,1,LARGO,0.08,0.2,3,370,-1.6472431117732258,-2.8464660343425834,0.2594594594594595,0.717225267039315
reciente,1,LARGO,0.08,0.2,7,370,-1.9439900043721228,-3.2808399726595527,0.22702702702702704,0.686016964064935
reciente,1,LARGO,0.08,0.2,14,370,-1.953912498566726,-3.254518208621191,0.22432432432432434,0.6896784363937307
reciente,1,LARGO,0.08,0.4,3,370,-0.962285162548766,-1.2423262351694941,0.22972972972972974,0.8403409757883374
reciente,1,LARGO,0.08,0.4,7,370,-1.3399120166941445,-1.6199340780534779,0.16756756756756758,0.7987775130857225
reciente,1,LARGO,0.08,0.4,14,370,-1.3466504106208983,-1.58187729893945,0.15675675675675677,0.8033056791077621
reciente,1,LARGO,0.15,0.1,3,370,-2.396863153034319,-3.920635230931706,0.4837837837837838,0.6523345305837155
reciente,1,LARGO,0.15,0.1,7,370,-2.6675012476943643,-4.192862123747607,0.4864864864864865,0.6383443765433998
reciente,1,LARGO,0.15,0.1,14,370,-2.6528208195602487,-4.13805213998436,0.4972972972972973,0.642966832275766
reciente,1,LARGO,0.15,0.2,3,370,-1.9777517662028998,-2.5298352420856167,0.3810810810810811,0.7533414932643769
reciente,1,LARGO,0.15,0.2,7,370,-2.584848400636591,-3.0765952558115894,0.3567567567567568,0.7191918508305944
reciente,1,LARGO,0.15,0.2,14,370,-2.602072221914644,-3.0504345932632,0.3621621621621622,0.7234818817495212
reciente,1,LARGO,0.15,0.4,3,370,-1.8177181680993952,-1.8533502889355074,0.3216216216216216,0.7912913961818706
reciente,1,LARGO,0.15,0.4,7,370,-2.810448281828143,-2.557833565399544,0.25675675675675674,0.7352450151127663
reciente,1,LARGO,0.15,0.4,14,370,-3.03249238881231,-2.670161711051527,0.24054054054054055,0.7291261856568549
reciente,1,LARGO,0.25,0.1,3,370,-1.7355051805654702,-2.3337986118521235,0.581081081081081,0.7586545311370055
reciente,1,LARGO,0.25,0.1,7,370,-2.8373555524742002,-3.3997531795535214,0.6027027027027027,0.6729191253467266
reciente,1,LARGO,0.25,0.1,14,370,-2.835020501246805,-3.3405482912392226,0.6162162162162163,0.6772855844542071
reciente,1,LARGO,0.25,0.2,3,370,-1.5354004380829525,-1.636942987211099,0.46216216216216216,0.827204878990696
reciente,1,LARGO,0.25,0.2,7,370,-2.7381772012531127,-2.549090345625682,0.4648648648648649,0.7574391448769976
reciente,1,LARGO,0.25,0.2,14,370,-2.887326268547908,-2.585827380465209,0.4756756756756757,0.7575035163920081
reciente,1,LARGO,0.25,0.4,3,370,-1.6707547002987169,-1.4642853058331058,0.3864864864864865,0.8309814201788654
reciente,1,LARGO,0.25,0.4,7,370,-3.7165603221717114,-2.7573659403219395,0.33783783783783783,0.7261947462296884
reciente,1,LARGO,0.25,0.4,14,370,-4.578505149827372,-3.215732923852024,0.31351351351351353,0.6968703715382337
reciente,3,CORTO,0.08,0.1,3,370,0.08722552442523365,0.19360103169437504,0.4702702702702703,1.020892696942346
reciente,3,CORTO,0.08,0.1,7,370,0.21419589212132908,0.4616056558999949,0.46756756756756757,1.0496278231891711
reciente,3,CORTO,0.08,0.1,14,370,0.25173465118074156,0.5405671569066755,0.46756756756756757,1.0582832026505504
reciente,3,CORTO,0.08,0.2,3,370,0.8095314179796445,1.3415905998623776,0.4,1.170921248684186
reciente,3,CORTO,0.08,0.2,7,370,1.3122168841956667,1.968633217555429,0.3621621621621622,1.2555978824943383
reciente,3,CORTO,0.08,0.2,14,370,1.2178446494991455,1.8035205657527118,0.34864864864864864,1.23103416425748
reciente,3,CORTO,0.08,0.4,3,370,1.0006219346613778,1.4421558043752696,0.3810810810810811,1.204614317515492
reciente,3,CORTO,0.08,0.4,7,370,1.5595892876655657,1.8882848834850123,0.3162162162162162,1.2840469325682862
reciente,3,CORTO,0.08,0.4,14,370,2.3735449278658582,2.5368015821618566,0.2864864864864865,1.4108415931538452
reciente,3,CORTO,0.15,0.1,3,370,-0.2772754765088189,-0.461328171515027,0.5945945945945946,0.9502034665434269
reciente,3,CORTO,0.15,0.1,7,370,-0.07665452396429352,-0.1225217257435626,0.6027027027027027,0.9868939940439341
reciente,3,CORTO,0.15,0.1,14,370,-0.1292170430657502,-0.20367840958328837,0.6,0.9784849770617804
reciente,3,CORTO,0.15,0.2,3,370,0.4478232218359279,0.5860928636904527,0.518918918918919,1.068923422764116
reciente,3,CORTO,0.15,0.2,7,370,1.315745876729982,1.5355806327608184,0.4972972972972973,1.1810342046240216
reciente,3,CORTO,0.15,0.2,14,370,1.1602976072309454,1.3156756554378612,0.4810810810810811,1.1507391718729054
reciente,3,CORTO,0.15,0.4,3,370,0.609506172790627,0.7175080899370695,0.5027027027027027,1.0908477823739189
reciente,3,CORTO,0.15,0.4,7,370,1.2443261645640806,1.2177011107698659,0.44594594594594594,1.1553626059870854
reciente,3,CORTO,0.15,0.4,14,370,2.305114813774586,1.9625913033632325,0.4027027027027027,1.2603790548346319
reciente,3,CORTO,0.25,0.1,3,370,0.2808305408436326,0.3859168536717806,0.6945945945945946,1.048160820972797
reciente,3,CORTO,0.25,0.1,7,370,0.6470108593217023,0.8370260151473633,0.7216216216216216,1.1031680236515375
reciente,3,CORTO,0.25,0.1,14,370,0.4077761450392267,0.5106831049033596,0.7243243243243244,1.0611408368487099
reciente,3,CORTO,0.25,0.2,3,370,0.6899911701286666,0.766882004510917,0.6081081081081081,1.0968226473186107
reciente,3,CORTO,0.25,0.2,7,370,2.075070057412327,2.0062246415296707,0.6135135135135135,1.2493119521788094
reciente,3,CORTO,0.25,0.2,14,370,1.998519135876444,1.8315164712367327,0.6081081081081081,1.2183259716741772
reciente,3,CORTO,0.25,0.4,3,370,0.6017354006081985,0.613719254379561,0.5891891891891892,1.080513086271042
reciente,3,CORTO,0.25,0.4,7,370,2.3340827889039804,1.9031135473415866,0.5675675675675675,1.2506139006230794
reciente,3,CORTO,0.25,0.4,14,370,3.9287399554539326,2.7495721290391555,0.5351351351351351,1.3628990712994211
reciente,3,LARGO,0.08,0.1,3,370,-1.9120736873390085,-4.450512849162838,0.34324324324324323,0.624176570104785
reciente,3,LARGO,0.08,0.1,7,370,-2.0015123270327515,-4.5475392077499786,0.34054054054054056,0.6228452119547846
reciente,3,LARGO,0.08,0.1,14,370,-2.002004921451012,-4.524903499993083,0.34054054054054056,0.6250570583857574
reciente,3,LARGO,0.08,0.2,3,370,-1.12394671613399,-1.8978145394679076,0.26216216216216215,0.7994575805336578
reciente,3,LARGO,0.08,0.2,7,370,-1.22550145248909,-1.9973187998552318,0.25405405405405407,0.7941720138788292
reciente,3,LARGO,0.08,0.2,14,370,-1.2267114934516379,-1.9752771138740572,0.25135135135135134,0.7970905652174872
reciente,3,LARGO,0.08,0.4,3,370,-1.1352930053057269,-1.4888544578068246,0.21081081081081082,0.8099341180606553
reciente,3,LARGO,0.08,0.4,7,370,-1.4289029578762646,-1.7447280735307247,0.16756756756756758,0.784914855377584
reciente,3,LARGO,0.08,0.4,14,370,-1.4170862013864096,-1.6832524948668803,0.15405405405405406,0.7927512665997838
reciente,3,LARGO,0.15,0.1,3,370,-1.7256718140038048,-2.85088261960062,0.5027027027027027,0.7304937980805032
reciente,3,LARGO,0.15,0.1,7,370,-1.910121186177197,-3.007465677563255,0.518918918918919,0.7238888421147527
reciente,3,LARGO,0.15,0.1,14,370,-1.9694802975205747,-3.0613198879175436,0.5216216216216216,0.7215779279662636
reciente,3,LARGO,0.15,0.2,3,370,-1.2051165535255666,-1.5382622745697039,0.3810810810810811,0.8403852089666421
reciente,3,LARGO,0.15,0.2,7,370,-1.8537775601750823,-2.204064501225493,0.3783783783783784,0.7884392458803683
reciente,3,LARGO,0.15,0.2,14,370,-2.0040376618644866,-2.32173969377325,0.37567567567567567,0.7815205008225709
reciente,3,LARGO,0.15,0.4,3,370,-1.5830428613399377,-1.6541574893476678,0.3108108108108108,0.8069408237551061
reciente,3,LARGO,0.15,0.4,7,370,-2.8845745747672704,-2.717517960482518,0.2594594594594595,0.7186888585010921
reciente,3,LARGO,0.15,0.4,14,370,-3.478697489449255,-3.1439319342994385,0.23513513513513515,0.6899612086824555
reciente,3,LARGO,0.25,0.1,3,370,-0.86137820597375,-1.2368845465912877,0.581081081081081,0.8626033450255671
reciente,3,LARGO,0.25,0.1,7,370,-1.4253253620071757,-1.8116035781054292,0.6243243243243243,0.8086742678223879
reciente,3,LARGO,0.25,0.1,14,370,-1.731465361363014,-2.086187507368512,0.6432432432432432,0.7839342195072007
reciente,3,LARGO,0.25,0.2,3,370,-0.6950468985599335,-0.7814710339483245,0.43243243243243246,0.9116483951006253
reciente,3,LARGO,0.25,0.2,7,370,-1.6429860945958088,-1.5920014963141762,0.46756756756756757,0.838289616590958
reciente,3,LARGO,0.25,0.2,14,370,-2.3986131918108016,-2.167290057788165,0.4810810810810811,0.7916825573276105
reciente,3,LARGO,0.25,0.4,3,370,-0.878549403815925,-0.8117914673330211,0.3621621621621622,0.8982747475862889
reciente,3,LARGO,0.25,0.4,7,370,-2.2418294292819594,-1.717250139986766,0.35135135135135137,0.8138428942450161
reciente,3,LARGO,0.25,0.4,14,370,-3.663420461929624,-2.564436217217224,0.3324324324324324,0.7484227221428092
reciente,7,CORTO,0.08,0.1,3,370,0.2142222502144003,0.48198969508822426,0.4756756756756757,1.0533749706583708
reciente,7,CORTO,0.08,0.1,7,370,0.2074389921756121,0.45076070270424623,0.4702702702702703,1.0486990436011376
reciente,7,CORTO,0.08,0.1,14,370,0.17666921668573332,0.3814864794053035,0.4594594594594595,1.040937136185586
reciente,7,CORTO,0.08,0.2,3,370,0.7059600821976321,1.226928145768299,0.4135135135135135,1.1574162933076497
reciente,7,CORTO,0.08,0.2,7,370,1.3583559822149605,2.076769324030269,0.3810810810810811,1.2730723649802684
reciente,7,CORTO,0.08,0.2,14,370,1.2126241727993288,1.813814674568636,0.34864864864864864,1.233207384099948
reciente,7,CORTO,0.08,0.4,3,370,0.8673500517289481,1.340436340330752,0.4,1.1892615360172882
reciente,7,CORTO,0.08,0.4,7,370,1.2616997051581322,1.588778682254877,0.327027027027027,1.2336550605915333
reciente,7,CORTO,0.08,0.4,14,370,0.8906814342080424,1.0196030086986916,0.25405405405405407,1.1495669774535486
reciente,7,CORTO,0.15,0.1,3,370,0.32124715779589613,0.5653408942467857,0.5864864864864865,1.0659096413522862
reciente,7,CORTO,0.15,0.1,7,370,0.34903347263712864,0.5742905378624442,0.6081081081081081,1.0645581265644646
reciente,7,CORTO,0.15,0.1,14,370,0.4618307135871216,0.742910875405969,0.6162162162162163,1.0830544478267954
reciente,7,CORTO,0.15,0.2,3,370,0.6501212583219886,0.9068568673748535,0.5162162162162162,1.112605062575882
reciente,7,CORTO,0.15,0.2,7,370,1.57753683176636,1.9227592371761475,0.5162162162162162,1.2370345935231684
reciente,7,CORTO,0.15,0.2,14,370,2.060879316023985,2.3683656997702065,0.5081081081081081,1.2890506382521671
reciente,7,CORTO,0.15,0.4,3,370,0.6287655596435349,0.8137877308432893,0.5,1.1066141333273214
reciente,7,CORTO,0.15,0.4,7,370,1.2665982812948167,1.2972972894922519,0.4594594594594595,1.169304723311305
reciente,7,CORTO,0.15,0.4,14,370,1.8399913916903872,1.6414738922060252,0.41081081081081083,1.216008671972248
reciente,7,CORTO,0.25,0.1,3,370,0.9132202504049086,1.3967538167085578,0.6567567567567567,1.1883962895001778
reciente,7,CORTO,0.25,0.1,7,370,0.957185148466909,1.302372896749191,0.7081081081081081,1.1675625837535768
reciente,7,CORTO,0.25,0.1,14,370,1.2912414153272944,1.7051706915237992,0.7351351351351352,1.2216032592553272
reciente,7,CORTO,0.25,0.2,3,370,1.7785950075043178,2.2052422253890693,0.5945945945945946,1.3176697198699132
reciente,7,CORTO,0.25,0.2,7,370,2.417118072932589,2.494666571532477,0.6216216216216216,1.329748516545776
reciente,7,CORTO,0.25,0.2,14,370,3.2835984514480194,3.1328947789514205,0.6324324324324324,1.4066865603667478
reciente,7,CORTO,0.25,0.4,3,370,1.860542019369341,2.1303956568890943,0.5756756756756757,1.3248673362027399
reciente,7,CORTO,0.25,0.4,7,370,2.6649279971094844,2.3014889303259234,0.572972972972973,1.3228195430522578
reciente,7,CORTO,0.25,0.4,14,370,4.106967914695493,3.033305653758861,0.5405405405405406,1.4215255975899936
reciente,7,LARGO,0.08,0.1,3,370,-1.284157235221753,-2.959317198445687,0.3864864864864865,0.7281702584905931
reciente,7,LARGO,0.08,0.1,7,370,-1.1826312292334573,-2.6231631030810814,0.3864864864864865,0.7593465369961127
reciente,7,LARGO,0.08,0.1,14,370,-1.19511453311385,-2.64068963929346,0.3864864864864865,0.7583327406496362
reciente,7,LARGO,0.08,0.2,3,370,-1.343017197043698,-2.4501498657430534,0.3,0.7471026714391007
reciente,7,LARGO,0.08,0.2,7,370,-1.2944894175053832,-2.176113500053866,0.2702702702702703,0.7763663235139467
reciente,7,LARGO,0.08,0.2,14,370,-1.5483188069882945,-2.55550740074376,0.24324324324324326,0.7452331132790558
reciente,7,LARGO,0.08,0.4,3,370,-1.5769408593606302,-2.44581278109741,0.26756756756756755,0.7161350405443967
reciente,7,LARGO,0.08,0.4,7,370,-1.5898287933518445,-2.104588492652535,0.2,0.7477526756880278
reciente,7,LARGO,0.08,0.4,14,370,-2.375907997085544,-3.0871294524178547,0.14594594594594595,0.6533739944757557
reciente,7,LARGO,0.15,0.1,3,370,-1.7528691203390827,-3.0089637166947303,0.4918918918918919,0.713283687414764
reciente,7,LARGO,0.15,0.1,7,370,-1.9657901957157626,-3.1361438516886855,0.5054054054054054,0.7127209202472425
reciente,7,LARGO,0.15,0.1,14,370,-1.890593387715931,-2.9645326839739328,0.5243243243243243,0.7274478498426563
reciente,7,LARGO,0.15,0.2,3,370,-1.9392052105551438,-2.7402599067276454,0.3945945945945946,0.7237985402933209
reciente,7,LARGO,0.15,0.2,7,370,-2.5927531223199685,-3.268497507313846,0.35945945945945945,0.6975140025934582
reciente,7,LARGO,0.15,0.2,14,370,-3.296419216361805,-3.9830193891108228,0.34324324324324323,0.6533722957001221
reciente,7,LARGO,0.15,0.4,3,370,-2.195541758941132,-2.698490822119559,0.3621621621621622,0.7009413619742771
reciente,7,LARGO,0.15,0.4,7,370,-2.6396168368891963,-2.6527346822610824,0.2810810810810811,0.719850736525334
reciente,7,LARGO,0.15,0.4,14,370,-3.512481273553964,-3.2914774953851254,0.24864864864864866,0.6727921276495812
reciente,7,LARGO,0.25,0.1,3,370,-1.1577815668359182,-1.7502634836615922,0.5513513513513514,0.809244665906337
reciente,7,LARGO,0.25,0.1,7,370,-1.9036810620131235,-2.432276265252327,0.5945945945945946,0.7504274539928621
reciente,7,LARGO,0.25,0.1,14,370,-2.076698657590883,-2.519697322886212,0.6270270270270271,0.7447325522819312
reciente,7,LARGO,0.25,0.2,3,370,-1.6937609346251141,-2.1045911834700854,0.43783783783783786,0.7707329149711897
reciente,7,LARGO,0.25,0.2,7,370,-2.8841067347122613,-2.9578561325819694,0.4297297297297297,0.7123058293082253
reciente,7,LARGO,0.25,0.2,14,370,-3.7888586338810453,-3.5608398438366646,0.44324324324324327,0.6776911484195054
reciente,7,LARGO,0.25,0.4,3,370,-2.028049686502429,-2.231300621051891,0.4,0.7383747446238618
reciente,7,LARGO,0.25,0.4,7,370,-3.0074831082087075,-2.548312435220881,0.34594594594594597,0.7287123530797144
reciente,7,LARGO,0.25,0.4,14,370,-3.995659135133057,-2.988188205102158,0.33783783783783783,0.7051172361777752
