periodo,stop,obj,dias,apal,n,neto_pct,t,aciertos,pf,liq,peor_pct
reciente,0.08,0.3,7,8,370,0.5940225584321417,0.9466948508984379,0.28378378378378377,1.1260821091435438,0,-11.193319800604687
reciente,0.08,0.3,10,8,370,0.7988012546299263,1.2366075364368314,0.2810810810810811,1.168016118735557,0,-11.193319800604687
reciente,0.08,0.4,7,8,370,0.8440911162912167,1.2360653106688588,0.2756756756756757,1.1770694537434574,0,-11.193319800604687
reciente,0.08,0.4,10,8,370,1.0927995102349928,1.5280638196157617,0.2702702702702703,1.2257321114677604,0,-11.547689938992127
reciente,0.08,0.5,7,8,370,0.7645810483255344,1.1034364570764255,0.27297297297297296,1.1597977567834408,0,-11.193319800604687
reciente,0.08,0.5,10,8,370,1.1253727134274862,1.50738474380767,0.2648648648648649,1.23084388992405,0,-11.547689938992127
reciente,0.12,0.3,7,6,370,0.7788508882694103,1.3910949834638464,0.3864864864864865,1.174583243767265,0,-11.43507203615902
reciente,0.12,0.3,10,6,370,0.8975752443263828,1.55699445060801,0.37567567567567567,1.1974072141682492,0,-11.43507203615902
reciente,0.12,0.4,7,6,370,1.0577738365543017,1.7368566955117812,0.37567567567567567,1.2335398887630349,0,-11.43507203615902
reciente,0.12,0.4,10,6,370,1.1202047476002075,1.7739472185448524,0.3621621621621622,1.2406675232185298,0,-11.43507203615902
reciente,0.12,0.5,7,6,370,0.9822783527313336,1.5773781521169425,0.37027027027027026,1.215005371927525,0,-11.43507203615902
reciente,0.12,0.5,10,6,370,1.1925352007588652,1.8045603759046354,0.3567567567567568,1.2540612143165308,0,-11.43507203615902
reciente,0.15,0.3,7,5,370,0.796771250110786,1.549277803073669,0.43783783783783786,1.1906223550888888,0,-11.668510953736211
reciente,0.15,0.3,10,5,370,0.9158399533633419,1.728749795080633,0.4297297297297297,1.2143172311824018,0,-11.668510953736211
reciente,0.15,0.4,7,5,370,1.0310363586769624,1.8494729069139626,0.4243243243243243,1.2419091693683255,0,-11.668510953736211
reciente,0.15,0.4,10,5,370,1.1495377045533257,1.9830182348981427,0.41621621621621624,1.262276364635833,0,-11.668510953736211
reciente,0.15,0.5,7,5,370,0.9944956778305658,1.7384792909568236,0.4189189189189189,1.2311185233623698,0,-11.668510953736211
reciente,0.15,0.5,10,5,370,1.2715614610691428,2.0874720148888253,0.41081081081081083,1.2874356242275287,0,-11.668510953736211
reciente,0.2,0.3,7,4,370,0.7801892460988261,1.7139054279693868,0.5108108108108108,1.2105359116046392,0,-11.725964698292087
reciente,0.2,0.3,10,4,370,0.8566988556001022,1.8093506370911054,0.5,1.2206756708062336,0,-11.725964698292087
reciente,0.2,0.4,7,4,370,0.9191830663045676,1.870374199147654,0.4918918918918919,1.240418824869752,0,-11.725964698292087
reciente,0.2,0.4,10,4,370,1.008037865211967,1.9468339025425023,0.4810810810810811,1.2490292768020272,0,-11.725964698292087
reciente,0.2,0.5,7,4,370,0.8793602973016815,1.7481461176481108,0.4864864864864865,1.2274238610599815,0,-11.725964698292087
reciente,0.2,0.5,10,4,370,1.0905986416988944,2.005617903884079,0.47297297297297297,1.2652474888162366,0,-11.725964698292087
reciente,0.25,0.3,7,3,370,0.4642479851720582,1.2475620724267242,0.5459459459459459,1.1497308552159118,0,-10.295930550819389
reciente,0.25,0.3,10,3,370,0.4692182971432482,1.2044969963799206,0.5378378378378378,1.1411889447652632,0,-10.295930550819389
reciente,0.25,0.4,7,3,370,0.6397637015190828,1.5989910967285326,0.5297297297297298,1.2013357808630978,0,-10.295930550819389
reciente,0.25,0.4,10,3,370,0.6811039855260147,1.6089217039555654,0.5216216216216216,1.19923675165297,0,-10.295930550819389
reciente,0.25,0.5,7,3,370,0.6248048576886245,1.5223035405817085,0.5243243243243243,1.194145409674138,0,-10.295930550819389
reciente,0.25,0.5,10,3,370,0.7742493406192532,1.7391110614782783,0.5135135135135135,1.2225773978152366,0,-10.295930550819389
