,,r1,r3,r6,r18,r42,vol6,vol18,atr_pct,rango,vol_rel,vol_rel7,tb1,tb6,fund,fund_pct,rsi14,dist_sma50,dist_sma200,hi_dist,lo_dist,btc_r6,btc_vol18,rank_r6,rank_vol,hora,dow,oi_d1,oi_d6,oi_rel,ls_top,ls_glob,taker_ls,corr_btc
6,long,795.2432346343994,1188.2418675422668,1458.5052423477173,2201.591757297516,3982.1125435829163,1859.7116045951843,2682.3683619499207,1611.7248940467834,401.9817786216736,3955.3071637153625,1330.8811531066895,331.35925102233887,424.0333504676819,632.7881298065186,2209.4602403640747,4048.646867752075,2622.6921882629395,3725.3139333724976,5188.524182796478,2531.339392185211,13708.540688037872,24671.644485473633,497.1664309501648,477.03311014175415,1478.488278388977,9325.846574306488,515.7229413986206,623.5459418296814,1090.8408999443054,1409.873498916626,1024.294729232788,76.68522024154663,4653.699683666229
6,short,1268.1624283790588,1705.3817644119263,2306.2732372283936,1899.7599592208862,5003.135534763336,4201.255696296692,2837.295741558075,1914.6306734085083,602.8212070465088,1218.1477527618408,2331.3870935440063,83.84417057037354,162.39291954040527,508.7859888076782,1863.7741055488586,8481.77477645874,1341.4156942367554,3664.4542002677917,2253.6616291999817,3423.849301815033,20510.147927761078,51355.228065013885,975.0754780769348,584.794665813446,2632.153935432434,19424.399718284607,537.8532280921936,544.2912425994873,1981.1961135864258,1944.7693552970886,719.825626373291,39.67396020889282,3220.701243877411
7,long,472.0341377258301,1429.2871451377869,1780.6198420524597,1723.2476000785828,3269.7295780181885,2666.2753443717957,2386.9342188835144,1310.6756057739258,588.7922406196594,3739.3477153778076,1267.5380692481995,209.08582210540771,520.3138108253479,768.0978002548218,3536.378218650818,2674.7645955085754,2759.274507522583,4531.329740047455,3097.424731731415,2669.75168800354,10892.605196475983,23584.85053253174,786.4755277633667,446.06496715545654,1206.6954007148743,10529.48961353302,437.8895688056946,721.7893657684326,1569.889060974121,1604.5393719673157,1821.4735717773438,59.805259704589844,4232.545701503754
7,short,1140.2320976257324,1951.3779916763306,2543.761926651001,2682.508192539215,6012.98163318634,3181.343831062317,2438.639220714569,1527.23482131958,492.86341667175293,1432.5785503387451,1416.7708473205566,98.09423017501831,676.4834222793579,398.72731924057007,3553.5067176818848,3915.6008615493774,1403.3613424301147,3883.656904220581,2559.0481123924255,4324.504912376404,20263.704998493195,50411.53591346741,213.2147822380066,250.5376009941101,2202.3075313568115,21006.41635131836,505.88978719711304,634.0661911964417,2220.681025981903,1846.212730884552,1620.0943155288696,32.76743030548096,3175.4939846992493
8,long,583.1678133010864,1914.4607377052307,2184.4244413375854,1643.8941688537598,2849.4317922592163,2645.1138248443604,2418.2181482315063,1034.0206470489502,534.2687492370605,3054.6775364875793,1530.2898626327515,130.80166959762573,787.8940591812134,304.08287048339844,3585.698350906372,3117.72362947464,2184.569309234619,5039.272300243378,2146.247615337372,3612.4042172431946,10608.053595542908,30379.274480819702,1126.5333318710327,388.9960389137268,1569.26003074646,10489.444515705109,251.70711851119995,1248.7272510528564,1350.9892411231995,1431.0566110610962,2343.9097962379456,45.6970100402832,4015.149444580078
8,short,999.5675020217896,1724.0665264129639,2508.5659804344177,3667.3768033981323,4365.73850774765,3006.4841389656067,3076.7780890464783,2006.7677736282349,313.414270401001,1350.0902948379517,840.298978805542,63.520559310913086,545.847861289978,293.3394708633423,2146.90603017807,5887.045850276947,1168.6132097244263,5481.512936115265,2169.5969009399414,5545.334220409393,26128.907739639282,50924.65655517578,245.3676300048828,221.96850967407227,2994.64386177063,23230.089196681976,207.10854959487915,756.7763991355896,1205.6021132469177,1484.9888434410095,1190.6211228370667,14.43179988861084,3822.355182170868
9,long,360.7656202316284,1984.3369216918945,1308.3284921646118,1639.1375193595886,3819.703688621521,4047.738857269287,2642.869299888611,1066.866786956787,504.8512992858887,2942.7908129692078,2305.0296425819397,164.4419503211975,713.5983290672302,591.6743669509888,3279.941373348236,3173.943552017212,1864.2360124588013,5508.789272785187,2315.156295776367,4220.873365879059,14049.119568824768,31310.48027086258,1301.7486515045166,398.37419843673706,1566.4722499847412,9560.958146572113,327.5258107185364,1055.3089799880981,986.800012588501,1808.141848564148,2407.3586773872375,74.97746992111206,4709.6365032196045
9,short,846.0491719245911,2114.995527267456,3557.1892189979553,2792.71027803421,3611.37837934494,2904.3948016166687,2781.714912414551,1476.5507073402405,471.5821886062622,669.4243650436401,1525.84992313385,157.93173027038574,614.4144015312195,426.20639753341675,2169.9019923210144,5727.758739471436,1706.2007536888123,5250.470932483673,3009.883366584778,4910.168837547302,21100.676203727722,52575.34346437454,211.97594165802002,259.8978304862976,2454.079254627228,25528.502203941345,458.9704303741455,921.3446011543274,1944.8572254180908,2049.5637068748474,1174.8230443000793,43.7431001663208,5872.175546646118
10,long,285.83700942993164,1962.838032245636,1282.2229962348938,3427.0617623329163,4004.3013887405396,4144.8383893966675,1971.5171866416931,667.4477906227112,367.59338998794556,2052.767560482025,3385.4579205513,106.61220979690552,1033.1797275543213,742.8410153388977,1910.2229495048523,3835.912012577057,1585.7812252044678,5602.147284030914,2335.130626678467,4601.0300369262695,15513.570530414581,33152.652950286865,1068.521394252777,356.9532699584961,1122.1049890518188,8883.101425170898,352.97655153274536,683.2747921943665,915.7207798957825,1622.0743656158447,2974.3061208724976,107.25484991073608,5294.248779296875
10,short,973.391960144043,1850.7386775016785,3623.098695755005,3116.463279247284,3230.704137802124,3226.2360010147095,4705.521675109863,1083.9081597328186,356.22048234939575,1250.5535349845886,772.7704758644104,53.53742980957031,831.519889831543,840.9230194091797,1674.7683100700378,4849.574995517731,2131.0677065849304,7264.314835548401,1535.5526781082153,4210.243990421295,20250.86690378189,50645.658376693726,367.00950860977173,204.90460205078125,2238.770297050476,19811.62272453308,379.51874923706055,1237.9202842712402,1885.257451057434,1824.3149733543396,1799.4752612113953,96.87517929077148,4484.033732414246
11,long,355.8193907737732,1575.9358820915222,1972.2350587844849,2299.7237696647644,4644.9642906188965,3126.118622779846,1688.7492208480835,1158.1531467437744,607.6537418365479,2521.9574542045593,2151.9731159210205,46.18195962905884,1202.5289764404297,419.22191190719604,1557.3746662139893,4308.734359264374,1776.880265712738,5792.319187641144,1098.6459684371948,3944.8223810195923,14562.444358348846,36555.2212638855,1026.9577283859253,379.2623429298401,1856.574667930603,12149.0804977417,221.4133496284485,1040.2270884513855,950.7215075492859,1469.7043824195862,2692.5331258773804,83.60545015335083,4548.862222194672
11,short,1657.646734237671,1686.5541677474976,3087.4274435043335,5940.185341358185,4530.998697280884,2706.6247363090515,3441.9576411247253,1627.3759269714355,370.1693572998047,1882.6141605377197,435.40540599823,98.79784965515137,1055.76038646698,621.7218580245972,1811.296148300171,2338.8083033561707,2464.7816972732544,6014.875437259674,2077.9581236839294,3356.943588733673,20542.326256275177,49487.74476003647,644.5947499275208,132.0885992050171,1317.7673358917236,18399.351947784424,644.8211193084717,902.1433339118958,1916.7461323738098,1241.1958293914795,1989.7158904075623,53.9190092086792,4860.628155231476
12,long,279.8454875946045,1350.8516659736633,1332.486596107483,1547.5668597221375,5409.564410209656,3658.08007478714,2107.1605129241943,1428.7483878135681,346.08862113952637,2198.40101146698,1214.9810314178467,59.22593021392822,1134.2746391296387,485.11540269851685,1431.3394422531128,5872.6993136405945,2040.134497642517,6374.965873718262,1847.4465007781982,4352.153182029724,17285.556472301483,34419.15782785416,673.9058256149292,357.25447130203247,1403.288302898407,11506.424834251404,545.4879493713379,1626.8927206993103,1156.3039450645447,1253.8670592308044,3057.3530416488647,0.0,5149.509066104889
12,short,1503.438380241394,2276.754053592682,3206.106080532074,5796.481992721558,4055.1604504585266,2409.079493045807,3663.389792442322,2183.559989452362,448.20545959472656,3225.4026775360107,505.6244840621948,30.33474063873291,988.5810952186584,769.20965051651,851.1225600242615,3680.712790966034,1845.6823916435242,5685.277450084686,1352.936623096466,4008.420934677124,19294.732169151306,37291.37112379074,612.6577100753784,31.88792896270752,1319.6711082458496,20478.63491010666,441.8612422943115,969.800112247467,1686.148853778839,1332.7927899360657,2426.606387615204,112.0699291229248,5380.761703491211
13,long,574.641930103302,1883.9822702407837,1300.0162644386292,2688.843440055847,5923.291566371918,3536.661524772644,2079.653341293335,2206.1764960289,273.8282079696655,1615.4042782783508,1139.9259853363037,84.15718936920166,840.2904658317566,297.2186813354492,703.9236869812012,6631.875339984894,2571.1499786376953,5601.949579715729,3074.772092819214,3095.55019903183,15686.878319263458,28434.06108379364,591.0848083496094,409.8063282966614,1503.5021448135376,14049.882532119751,641.5297980308533,1631.000454902649,1690.4800491333008,1747.2146363258362,2159.8230562210083,80.25625991821289,3684.608904838562
13,short,571.2123079299927,3599.672082901001,2561.2753043174744,6841.36283159256,4403.058459281921,1813.4965643882751,2095.2498350143433,1951.738830089569,415.026704788208,3578.7588782310486,939.0004425048828,67.14281940460205,1292.7779207229614,514.465488910675,333.0489182472229,3593.4919686317444,1647.7135982513428,7468.343757152557,2558.381820201874,1799.3203649520874,19730.856090545654,36616.97319316864,558.1281690597534,70.78892993927002,2256.0437984466553,18628.630711078644,640.8471460342407,1041.187834262848,970.9086079597473,1484.898558139801,1371.6833810806274,117.46845006942749,4565.584062099457
14,long,665.3824424743652,2445.868248462677,1391.3552894592285,3519.802264213562,4235.642387390137,2866.683892726898,1354.679431438446,2299.6220512390137,206.1145725250244,2337.5872015953064,1155.5550289154053,137.82968044281006,725.2067370414734,199.46737051010132,341.4539227485657,5323.662492275238,3848.1864614486694,5393.259950637817,4102.968988895416,3604.5881819725037,13859.000978469849,26650.23600578308,533.7354283332825,299.63320112228394,1630.4546270370483,12607.590869903564,507.2666816711426,1445.0687317848206,1544.8418612480164,1941.7333846092224,1817.1266689300537,100.86477088928223,5557.751523017883
14,short,1101.9494276046753,3355.800724506378,1834.456992149353,8829.534563064575,4152.572334289551,1193.8620162010193,1672.681118965149,2513.270450115204,374.8625273704529,3591.9303703308105,791.7002816200256,121.74288892745972,1169.8562979698181,397.6914806365967,507.298876285553,1864.8356761932373,1609.7913484573364,7464.861111164093,1695.8584566116333,2590.8807849884033,19303.339760780334,46147.15723609924,399.85476875305176,129.1234712600708,1813.2485523223877,14578.5866355896,944.7917232513428,707.2859120368958,890.2831497192383,1103.7242221832275,1263.634557723999,187.38233613967896,5535.406029224396
15,long,414.2704668045044,3269.8351197242737,1430.179156780243,3010.405753135681,4326.152248382568,2767.5685091018677,1268.052812576294,2695.42529630661,394.4809856414795,1823.0448732376099,867.0053420066833,96.65648937225342,1179.7864723205566,321.2796769142151,674.1366991996765,5926.852024078369,5973.215136051178,5504.108443260193,4402.18779706955,5035.212906837463,13878.459101200104,23770.632339954376,473.2851710319519,468.62581968307495,1361.911048412323,14808.774701595306,208.4957399368286,1393.1466989517212,1952.1464748382568,1639.9263920783997,1224.6390070915222,297.809289932251,5322.030978679657
15,short,1510.5272707939148,2700.4419808387756,2032.0772576332092,10499.721824645996,3746.039869785309,1859.5053930282593,1394.5414867401123,4191.379599571228,715.9141187667847,4327.4619970321655,781.6600036621094,62.27216100692749,1364.5916318893433,393.8772964477539,582.4749031066895,1571.9375505447388,1437.1009106636047,6082.650721073151,1898.1274852752686,3699.1102166175842,27823.25620651245,48595.2789106369,71.69552993774414,274.4973464012146,2696.1998414993286,21400.897745132446,465.17778635025024,704.5004734992981,431.9705557823181,555.646674156189,823.686333656311,206.51872062683105,5088.69114112854
16,long,947.0268759727478,2771.7375507354736,1499.9023160934448,1550.8905086517334,3731.2807326316833,2580.1199312210083,2255.073380470276,2902.433575630188,981.7491664886475,2192.979784011841,621.4940977096558,92.18624114990234,754.0235185623169,479.16694927215576,937.1123871803284,2756.4037985801697,6138.389515399933,5284.891748905182,4871.3299379348755,4608.831027030945,14138.402664661407,25519.554325580597,660.1389780044556,218.84609127044678,1920.8535499572754,10706.095740795135,208.5612392425537,1268.5098371505737,2516.5525736808777,1585.9412922859192,1555.860628604889,156.56074142456055,5466.868337154388
16,short,681.3829669952393,2667.59046459198,1894.928750038147,7215.672233104706,4458.694574356079,2652.242907524109,1773.0675020217896,7419.225118637085,1011.0272626876831,4509.238250732422,1595.105318069458,24.55500030517578,833.6176891326904,249.2311601638794,450.3209524154663,3019.7000942230225,2086.8036670684814,3388.958836078644,1141.4636278152466,3958.280668735504,28786.318168640137,49904.25251245499,178.59096908569336,470.86685705184937,4352.562294960022,23382.79996061325,636.7340126037598,226.3124222755432,371.45341777801514,553.1663599014282,984.3124694824219,111.41547966003418,5296.398272037506
17,long,947.242564201355,2422.9917793273926,2166.3901534080505,2534.537729740143,4257.237736225128,1978.1025032997131,1848.5204977989197,2583.8665404319763,1138.732624053955,1781.2017011642456,665.1500511169434,118.92123985290527,704.5717449188232,759.0213842391968,1274.7568583488464,2774.5088148117065,4792.702099323273,4291.081647396088,6079.792195320129,4311.248030662537,12314.862753868103,21251.756212234497,554.3783512115479,272.0023498535156,1663.2036476135254,11354.289768218994,151.85304737091064,1243.1901545524597,1954.118182182312,1803.8881468772888,1478.7105021476746,332.6370897293091,6477.082100391388
17,short,480.98521423339844,2561.132613182068,2107.133635997772,6114.177796363831,4171.070767402649,1540.7332973480225,2651.521490573883,8394.065120697021,1224.611044883728,2772.760301589966,790.1661853790283,100.17385005950928,666.5247912406921,270.4326419830322,941.4457087516785,3710.5162630081177,1627.3373217582703,4505.511901855469,1590.9719486236572,3722.2155113220215,30512.462082386017,43139.874176979065,320.22764682769775,908.5953431129456,4954.886504650116,24099.928275108337,528.0306587219238,784.6058893203735,918.1885495185852,834.5465807914734,695.8758563995361,200.0441083908081,3070.111969470978
18,long,905.0134143829346,2050.7574520111084,1903.3401174545288,2593.843921661377,2022.470739364624,1609.1844005584717,1993.141679763794,2970.7234077453613,967.3004994392395,1843.062071800232,575.9321784973145,144.94204950332642,860.8619542121887,342.24260997772217,1255.2628145217896,2917.1555552482605,2992.3127660751343,3400.096107006073,5153.270261764526,4581.3479833602905,13764.157917022705,22055.753341197968,1176.242332458496,204.8339385986328,1704.5343127250671,9412.373243808746,235.88602924346924,866.1734843254089,1430.9823608398438,1761.0805592536926,1838.6454577445984,250.406409740448,4926.663877487183
18,short,786.2509541511536,2138.370780944824,1695.443130016327,4999.640271663666,2616.914472579956,1846.7052040100098,1822.21555185318,7697.857974529266,757.683657169342,3128.857325077057,777.0990695953369,81.60299873352051,714.7931189537048,357.3796787261963,878.1823167800903,2913.7902245521545,2447.1962814331055,2800.724938392639,2951.6785097122192,3593.3371257781982,32402.362637043,45691.0593457222,362.30150032043457,461.56787061691284,4592.264325141907,24769.93281030655,455.73259687423706,1614.587884426117,673.9546756744385,678.6447243690491,823.2716212272644,153.62559032440186,4220.734239578247
19,long,664.1763386726379,1287.9743189811707,1499.589608669281,2532.009264945984,2048.7344217300415,2130.8864374160767,2567.491132736206,3461.2657446861267,508.3212275505066,2609.9886951446533,1082.2664694786072,339.2867498397827,805.6368722915649,820.539614200592,1214.5828733444214,2912.6424798965454,2522.8191499710083,4793.841110706329,3911.064688205719,5026.143132209778,12300.359707832336,21501.789348602295,1211.8674669265747,450.10079050064087,698.9914979934692,7840.273802280426,216.80848836898804,811.9674115180969,1596.0038194656372,1853.2286891937256,1897.6722283363342,275.49540996551514,4165.311373710632
19,short,454.8803720474243,2031.9373903274536,1374.5830526351929,5620.202056884766,3839.8730096817017,2619.1115703582764,4258.723073482513,8223.17696762085,1104.348656654358,1963.0844221115112,827.6814961433411,68.8925609588623,445.3933525085449,313.22932958602905,496.71138763427734,2664.231578350067,2145.0162677764893,4417.3964257240295,2017.3446164131165,4824.7974100112915,34989.71617221832,39450.21508836746,452.41626501083374,436.42222929000854,2654.8785223960876,21608.571600914,218.16933965682983,1191.6446752548218,813.2259182929993,960.2724456787109,824.8685827255249,89.64590072631836,4087.884015083313
20,long,1042.371702671051,980.1212124824524,1260.458658695221,2639.1988310813904,2121.150008201599,2045.4487385749817,2286.6727442741394,3300.759262084961,1000.6840867996216,3427.388572216034,2014.4165415763855,334.7266888618469,755.488320350647,709.2907738685608,1382.0700573921204,3303.0745344161987,2071.290600299835,4908.236732959747,2455.7854900360107,5003.104730129242,8207.531746864319,21054.464647769928,1488.842113494873,380.6899709701538,1921.3923144340515,7371.121960639954,177.82027864456177,511.440101146698,1928.2543468475342,1613.2467427253723,1542.9491820335388,280.11967945098877,3868.381419658661
20,short,448.7125153541565,2254.839195251465,997.3739547729492,5986.849099636078,4288.2432861328125,2463.53368473053,3916.5451431274414,9061.298122882843,706.8739881515503,1593.816204071045,497.6387219429016,109.11000919342041,581.5971364974976,319.38493061065674,306.1243009567261,2769.487124443054,2059.314525127411,5575.640754699707,3204.0239181518555,4259.188395500183,27744.43793821335,35595.39954376221,567.9449005126953,757.6933302879333,3184.3386273384094,19499.842368125916,366.0055298805237,708.7089262008667,1027.9449334144592,1065.6903777122498,1343.9914383888245,91.4861307144165,3148.879738330841
21,long,1199.5645895004272,1738.6093606948853,1494.901342868805,2391.06836605072,1903.1917080879211,2583.7873125076294,2019.922694683075,2653.99733877182,523.0823063850403,5183.313850402832,2063.8248958587646,149.5653796195984,428.77896308898926,615.564305305481,1107.3929424285889,3263.617694377899,1553.017617225647,4882.860421657562,2402.7287583351135,4301.1949343681335,10035.019567012787,21670.462685585022,1054.9302496910095,618.7809720039368,2303.6764249801636,8178.745343208313,181.58398914337158,768.2835130691528,1981.3698744773865,2251.9298815727234,1206.555314540863,203.6559500694275,3222.962552547455
21,short,429.09451150894165,1649.6019163131714,916.7593665122986,4501.589155197144,3360.460907936096,2212.2182326316833,2896.8815274238586,6781.162971496582,461.6440405845642,1789.2769622802734,429.62022829055786,426.95068311691284,444.60385036468506,286.8831763267517,655.7682480812073,3829.7389607429504,3054.047511100769,4954.942404270172,2248.8615531921387,2385.4069967269897,24736.910622119904,34720.64075088501,1087.5969123840332,780.4056363105774,2960.106466293335,18377.821885108948,323.6712899208069,526.7708911895752,1517.3285827636719,974.274040222168,1003.501238822937,212.73459100723267,2355.6005187034607
22,long,1050.2788014411926,1386.3884010314941,1284.5420536994934,3443.938817024231,2262.7552008628845,2014.001549243927,1260.1984758377075,3117.3064489364624,630.9354615211487,4825.1596393585205,1997.6956725120544,205.4896092414856,705.1820440292358,588.1472592353821,766.1143670082092,3487.55952835083,1667.6350107192993,4900.77089881897,2938.6445755958557,4855.731123924255,12113.658880710602,23235.566854953766,799.5204787254333,537.2427272796631,1505.7199320793152,10251.140550136566,213.5666699409485,644.9254698753357,2055.0439715385437,1934.6662845611572,1012.2236399650574,130.221782207489,3756.3874979019165
22,short,733.6253690719604,1559.0067086219788,809.0202126502991,5052.094284057617,3420.520656108856,2502.6954894065857,2341.087068080902,4064.2392687797546,685.9435896873474,1898.9037899971008,853.1923675537109,457.18074131011963,455.6059126853943,243.0118284225464,643.5739984512329,3475.3769302368164,1753.2467794418335,4402.694697380066,3179.805992126465,2009.5323023796082,28164.868251800537,34174.90865325928,614.5986723899841,563.8158292770386,3556.419165611267,20124.323897838593,384.34605884552,1179.612226486206,1335.256642818451,1288.3451433181763,1313.3336925506592,128.1269292831421,3099.806185722351
23,long,1195.1469249725342,1161.957368850708,890.0843091011047,1944.2512245178223,2611.9468870162964,1671.5638785362244,1651.2482566833496,2701.6533241271973,1350.8339700698853,4416.949903011322,1398.1684470176697,233.9950714111328,849.1992959976196,648.2886962890625,841.4441747665405,3700.572265625,1597.6096739768982,3651.4872965812683,3615.5223479270935,4549.916590690613,11969.608067035675,20605.902208328247,508.17808866500854,842.8550357818604,2206.3714003562927,8207.898513793945,258.3835997581482,839.4097094535828,2492.504843235016,2396.352966785431,1568.445773601532,202.25768995285034,3510.0958576202393
23,short,637.4545378684998,1704.9270763397217,1030.104748725891,3546.9871220588684,2663.771761894226,1060.8711504936218,1714.8149762153625,4228.035363674164,1026.1961860656738,2008.1547164916992,1007.6187133789062,450.0127983093262,481.7471408843994,77.61562919616699,801.364550113678,4355.8071274757385,1575.372525215149,4456.8516211509705,4379.229640960693,3566.8144993782043,23805.30644416809,37845.81220340729,776.3704566955566,798.8411068916321,3038.19131231308,25131.332025051117,444.0351595878601,703.5703930854797,1170.4060754776,912.7640190124512,927.0882091522217,100.01149129867554,2050.901020050049
