celda,fam,tf,inv,reciente_$,reciente_n,reciente_pf,reciente_mesespos,reciente_sinmejorsem,val1_$,val1_n,val1_pf,val1_mesespos,val1_sinmejorsem,val2_$,val2_n,val2_pf,val2_mesespos,val2_sinmejorsem,consistente,periodos_positivos,prometedora
10,donchian,1440,False,378.85671781376004,334.0,1.2590766131773272,0.4444444444444444,146.72240136936307,15.61303448677063,493.0,1.0350209793947092,0.75,-59.73836588859558,32.16019396483898,671.0,1.0093216545851762,0.38461538461538464,-801.6605362445116,True,3,False
11,dia_semana,60,True,1903.335972726345,3037.0,1.1929304232033662,0.7777777777777778,1359.8380174040794,1067.9172152280807,2141.0,1.1362552023902883,0.6363636363636364,366.9778994321823,447.6411354839802,2497.0,1.080228560505165,0.6923076923076923,-370.21723625063896,True,3,True
0,max_n_dias,240,False,284.23106104135513,160.0,1.5347961756374604,0.5,155.54732996225357,76.59447437524796,197.0,1.1433957701027677,0.25,-52.2260519862175,-290.7395008802414,205.0,0.7233533374625457,0.46153846153846156,-400.32627761363983,False,2,False
2,inside_bar,1440,True,452.61082085967064,525.0,1.0779748138395913,0.3333333333333333,-549.9367865622044,1268.8391909599304,372.0,1.6644693805956616,0.5,259.5000796318054,-1507.9317336082458,270.0,0.29195095541066834,0.3076923076923077,-1570.0017943382263,False,2,False
7,bollinger_rev,240,False,-756.2292624115944,710.0,0.8497371031082479,0.4444444444444444,-1727.4799299836159,811.4622674882412,1095.0,1.1083316184537735,0.5,-1574.9022344648838,239.63433420658112,551.0,1.1418263893650118,0.7692307692307693,-10.926702857017517,False,2,False
3,squeeze_bk,240,False,-681.603479385376,4087.0,0.9627073609708451,0.4444444444444444,-1654.4214992523193,10.611875176429749,2373.0,1.0008695550188935,0.3333333333333333,-3591.0938972234726,-1712.0006648302078,2454.0,0.814195789054671,0.23076923076923078,-2148.2397776842117,False,1,False
9,supertrend,1440,False,-454.0249103307724,400.0,0.872093346380012,0.3888888888888889,-1288.4187206029892,-57.66724365949631,217.0,0.9151126461633737,0.5833333333333334,-161.8690945506096,948.1995127797127,273.0,1.4961352277027586,0.5384615384615384,-8.943751990795135,False,1,False
12,zscore_rev,240,True,-583.4360579699278,1288.0,0.9070053859040034,0.3888888888888889,-922.4120029658079,-2394.975920498371,1130.0,0.5228430587886596,0.3333333333333333,-2719.216079056263,134.98499470949173,838.0,1.0530957924301891,0.6153846153846154,-293.23775309324265,False,1,False
13,nr7,1440,True,-1858.2663477659225,1112.0,0.7917383985653391,0.5555555555555556,-2436.633114695549,127.40829253196716,1003.0,1.0115460951531792,0.5,-1089.308965921402,-4747.4051877856255,977.0,0.556824042753155,0.38461538461538464,-5542.006067454815,False,1,False
18,zscore_rev,60,True,138.47200351953506,2150.0,1.016397887586667,0.3888888888888889,-660.3396715521812,-1576.6401089830324,1891.0,0.7442114788829235,0.25,-2498.0277089281008,-911.38913747482,1234.0,0.7772133022067184,0.38461538461538464,-1027.6437685173005,False,1,False
22,tsmom,1440,False,-12665.213526070118,2149.0,0.5604117011278174,0.05555555555555555,-13627.334131538868,-2524.3610458672047,1508.0,0.7380491222595223,0.5,-3555.1325455009937,1153.5315586328506,1493.0,1.0829166162391342,0.23076923076923078,-2125.648052573204,False,1,False
1,max_n_dias,1440,False,-103.07622718811035,254.0,0.9370393250004965,0.2777777777777778,-344.4639263153076,-250.10341691970825,292.0,0.5794722726636143,0.75,-286.8710107803345,-777.8571594953537,301.0,0.6535744167298179,0.23076923076923078,-890.6835449934006,False,0,False
4,ema_cross,1440,False,-99.18985879421234,83.0,0.543589921042469,0.5333333333333333,-114.16478979587555,-22.269550800323486,17.0,0.6288408199946086,0.3333333333333333,-33.819804668426514,-22.992522060871124,73.0,0.7092532903846503,0.5384615384615384,-28.850937008857727,False,0,False
5,pin_bar,1440,True,-3410.703360043466,733.0,0.6265155269863703,0.3888888888888889,-3941.245436154306,-2489.213071525097,979.0,0.587441713340656,0.4166666666666667,-3309.0549523234367,-2018.3799939155579,645.0,0.5127451590793726,0.3076923076923077,-2811.2984738349915,False,0,False
6,dia_semana,60,False,-287.37557262182236,3076.0,0.9712976589647208,0.4444444444444444,-718.7317203879356,-648.6537399291992,2317.0,0.8824777279406195,0.3333333333333333,-1202.0854110717773,-476.6762318611145,2479.0,0.9436411222935911,0.46153846153846156,-918.5289883613586,False,0,False
8,supertrend,240,False,-3301.687533482909,1533.0,0.675836287251501,0.2222222222222222,-3809.0515616983175,-2013.426296055317,1192.0,0.6436396983309538,0.4166666666666667,-2575.8432119488716,-1096.1649604141712,1125.0,0.7933026825689888,0.38461538461538464,-1523.7960896790028,False,0,False
14,engulfing,240,False,-7303.702135736123,9084.0,0.8931105934986695,0.3333333333333333,-11983.376892739907,-157.1779317855835,7491.0,0.9968919190256076,0.5,-6008.93372631073,-10735.282780051231,5169.0,0.6895557710074092,0.18181818181818182,-13508.476230978966,False,0,False
15,nr7,240,True,-1264.521723151207,5602.0,0.9643893789093455,0.4444444444444444,-2636.13172185421,-1187.8362003564835,4663.0,0.9551725542529114,0.6666666666666666,-2860.7917515039444,-9638.187894046307,4847.0,0.6761772748914426,0.4166666666666667,-10157.556518733501,False,0,False
16,engulfing,1440,False,-5321.5380726754665,2125.0,0.7269663141935409,0.3888888888888889,-6017.802126020193,-4134.334867417812,1331.0,0.7337615085749803,0.3333333333333333,-5961.319242417812,-420.614128947258,1014.0,0.9541031604474931,0.46153846153846156,-3440.071648478508,False,0,False
17,ema_cross,240,False,-451.6498398780823,1239.0,0.928278210194492,0.3888888888888889,-940.1999306678772,-140.66352462768555,921.0,0.9243352091497845,0.5833333333333334,-229.2315526008606,-624.2196690142155,1135.0,0.879271551386677,0.6153846153846154,-768.1215850412846,False,0,False
19,rsi2,240,True,-2314.068954706192,2234.0,0.7792805658670363,0.6666666666666666,-2642.307206392288,-4707.5525369644165,1277.0,0.5856745172695098,0.5833333333333334,-6347.895840644836,-6560.707979559898,1909.0,0.4110083068939894,0.38461538461538464,-6709.81936109066,False,0,False
20,rsi2,240,False,-1730.1063997223973,6867.0,0.9640575840203962,0.35294117647058826,-5712.7322713807225,-9437.556015789509,6499.0,0.7919171713404146,0.3333333333333333,-12008.8051918149,-4416.177250701934,4880.0,0.7309847888205048,0.3333333333333333,-5569.522146064788,False,0,False
21,engulfing,1440,True,-2469.532373249531,1181.0,0.8346657412067685,0.3333333333333333,-4073.532605946064,-7362.985324859619,1244.0,0.40747612802676786,0.3333333333333333,-7983.7737464904785,-3931.5619121193886,890.0,0.5517028581996273,0.38461538461538464,-4587.845628321171,False,0,False
23,donchian,240,False,-1966.642037510872,2614.0,0.8702264020987209,0.3333333333333333,-2813.7806121110916,-3742.952793419361,1937.0,0.7466555878761671,0.16666666666666666,-7798.968174278736,-2097.0272867679596,2352.0,0.8830472869652295,0.38461538461538464,-3340.9278585910797,False,0,False
