fecha_entrada_utc,fecha_salida_utc,moneda,lado,regimen_btc,entrada_px,stop_px,salida_px,motivo,pnl_usd,R,comisiones_usd,funding_usd,periodo
2020-09-17,2020-09-24 00:00:00,ICXUSDT,CORTO,ALCISTA,0.49499133609091467,0.5345906429781879,0.3706688531894267,tiempo_max,49.922,3.118,0.175,0.135,val0
2020-09-19,2020-09-26 00:00:00,BLZUSDT,CORTO,ALCISTA,0.11851772498660075,0.1279991429855288,0.09438282327892125,tiempo_max,40.861,2.55,0.18,-0.313,val0
2020-09-20,2020-09-27 00:00:00,UNIUSDT,CORTO,ALCISTA,5.73017222515088,6.188586003162951,4.874296608437016,tiempo_max,28.464,1.779,0.185,1.223,val0
2020-09-25,2020-09-25 20:32:00,AVAXUSDT,CORTO,ALCISTA,4.610464612077131,4.979301781043302,4.981725988553297,stop,-17.765,-1.11,0.208,1.452,val0
2020-09-26,2020-10-03 00:00:00,FTMUSDT,CORTO,ALCISTA,0.04179789626435159,0.04514172796549972,0.03331470944991434,tiempo_max,40.779,2.541,0.18,-0.368,val0
2020-09-30,2020-10-06 19:08:00,HNTUSDT,CORTO,ALCISTA,1.6336493328942068,1.7643412795257434,0.9797821547216157,objetivo,79.71,4.972,0.16,0.18,val0
2020-10-01,2020-10-04 14:08:00,FLMUSDT,CORTO,ALCISTA,0.6288375974089738,0.6791446052016917,0.37675405851112964,objetivo,76.686,4.779,0.16,3.328,val0
2020-10-14,2020-10-21 00:00:00,TOMOUSDT,CORTO,ALCISTA,0.8004763027181157,0.8645144069355649,0.6159531224717857,tiempo_max,46.302,2.893,0.177,-0.376,val0
2020-10-15,2020-10-22 00:00:00,RENUSDT,CORTO,ALCISTA,0.3834511990164501,0.4141272949377661,0.32660207571611466,tiempo_max,29.745,1.854,0.185,-0.279,val0
2020-10-16,2020-10-23 00:00:00,KSMUSDT,CORTO,ALCISTA,29.407728547110747,31.76034683087961,28.230454510198843,tiempo_max,6.453,0.403,0.196,1.358,val0
2020-10-17,2020-10-24 00:00:00,NEARUSDT,CORTO,ALCISTA,0.8170794206064097,0.8824457742549225,0.7292631402121101,tiempo_max,21.703,1.359,0.189,-0.397,val0
2020-10-18,2020-10-25 00:00:00,AAVEUSDT,CORTO,ALCISTA,41.36275442830481,44.6717747825692,39.4109861150335,tiempo_max,9.033,0.564,0.195,0.209,val0
2020-10-18,2020-10-23 16:40:00,FILUSDT,CORTO,ALCISTA,34.60700048741156,37.37556052640449,20.733481815400953,objetivo,59.367,3.7,0.16,20.651,val0
2020-10-21,2020-10-21 04:51:00,RSRUSDT,CORTO,ALCISTA,0.009438712688446992,0.010193809703522752,0.010205151558421024,stop,-16.428,-1.027,0.208,-0.02,val0
2020-10-21,2020-10-21 14:37:00,LRCUSDT,CORTO,ALCISTA,0.15684298583670403,0.16939042470364035,0.1695343891069244,stop,-16.752,-1.047,0.208,0.36,val0
2020-10-24,2020-10-31 00:00:00,MATICUSDT,CORTO,ALCISTA,0.017067386572589334,0.01843277749839648,0.013830413970506989,tiempo_max,38.125,2.38,0.181,-0.375,val0
2020-11-05,2020-11-06 11:38:00,OCEANUSDT,CORTO,ALCISTA,0.46466185815700384,0.5018348068095642,0.5022029023277895,stop,-17.144,-1.069,0.208,0.777,val0
2020-11-13,2020-11-13 00:06:00,CVCUSDT,CORTO,EUFORIA,0.09865447460002873,0.10654683256803103,0.1066276483152649,stop,-16.372,-1.023,0.208,0.0,val0
2020-11-20,2020-11-20 11:34:00,BELUSDT,CORTO,EUFORIA,1.336994113473587,1.443953642551474,1.444923379055422,stop,-16.313,-1.018,0.208,-0.04,val0
2020-11-21,2020-11-28 00:00:00,CTKUSDT,CORTO,EUFORIA,1.3569589584445363,1.4655156751200993,1.0040473008205346,tiempo_max,51.09,3.187,0.174,0.752,val0
2020-11-22,2020-11-23 06:25:00,AXSUSDT,CORTO,EUFORIA,0.47139866022542765,0.5091105530434619,0.5095437525845262,stop,-16.16,-1.009,0.208,-0.231,val0
2020-11-25,2020-12-02 00:00:00,ALPHAUSDT,CORTO,EUFORIA,0.2677293348571076,0.2891476816456762,0.22796588850404623,tiempo_max,29.992,1.877,0.185,-0.473,val0
2020-11-26,2020-12-03 00:00:00,ZENUSDT,CORTO,EUFORIA,14.7106934870199,15.887548965981495,13.9347864,tiempo_max,11.559,0.721,0.195,-1.205,val0
2020-12-10,2020-12-10 01:45:00,SKLUSDT,CORTO,ALCISTA,0.1379031305518097,0.1489353809959545,0.14903265581536917,stop,-16.349,-1.021,0.208,0.0,val0
2020-12-21,2020-12-22 08:30:00,GRTUSDT,CORTO,ALCISTA,0.7328369872339503,0.7914639462126664,0.439329021937577,objetivo,78.966,4.926,0.16,0.975,val0
2020-12-27,2020-12-29 02:11:00,1INCHUSDT,CORTO,ALCISTA,1.5952632786108008,1.722884340899665,0.9573845978157579,objetivo,79.98,4.996,0.16,-0.169,val0
2021-01-21,2021-01-25 20:50:00,AKROUSDT,CORTO,EUFORIA,0.017434164079979476,0.018828897206377836,0.018845171304829867,stop,-16.055,-1.005,0.208,-0.34,val0
2021-01-22,2021-01-22 05:59:00,DOTECOUSDT,CORTO,EUFORIA,987.4472000443628,1066.442976047912,1066.6749967358146,stop,-16.235,-1.018,0.208,-0.02,val0
2021-01-23,2021-01-30 00:00:00,CHZUSDT,CORTO,EUFORIA,0.01972918058179794,0.021307515028341776,0.020044411613530638,tiempo_max,-1.9,-0.119,0.202,-1.497,val0
2021-01-28,2021-01-28 04:08:00,ANKRUSDT,CORTO,ALCISTA,0.009912817230877568,0.010705842609347774,0.010723108886895061,stop,-16.557,-1.034,0.208,0.0,val0
2021-01-30,2021-02-01 07:35:00,LUNAUSDT,CORTO,ALCISTA,1.4737891693553826,1.5916923029038132,1.592755984032182,stop,-15.712,-0.982,0.208,-0.64,val0
2021-02-03,2021-02-03 06:25:00,BTSUSDT,CORTO,ALCISTA,0.03967140997972094,0.04284512277809862,0.042913225597148476,stop,-16.499,-1.03,0.208,-0.053,val0
2021-02-20,2021-02-20 06:27:00,LITUSDT,CORTO,ALCISTA,10.25029015112445,11.070313363214407,11.07531578074475,stop,-16.306,-1.019,0.208,0.0,val0
2021-02-21,2021-02-21 03:09:00,DODOUSDT,CORTO,EUFORIA,6.506870111240618,7.027419720139868,7.03020258479214,stop,-16.101,-1.007,0.208,-0.193,val0
2021-02-21,2021-02-21 08:36:00,UNFIUSDT,CORTO,EUFORIA,23.129114341289434,24.97944348859259,25.00523432150378,stop,-16.315,-1.018,0.208,-0.116,val0
2021-02-24,2021-02-24 02:57:00,REEFUSDT,CORTO,EUFORIA,0.030512302833661863,0.032953287060354816,0.032979925299234235,stop,-16.294,-1.019,0.208,-0.089,val0
2021-02-25,2021-03-04 00:00:00,RVNUSDT,CORTO,EUFORIA,0.18169773987255414,0.19623355906235848,0.15980390551268442,tiempo_max,24.565,1.535,0.188,-0.653,val0
2021-02-26,2021-03-02 10:02:00,SFPUSDT,CORTO,EUFORIA,1.8312116199980002,1.9777085495978404,1.9789772081867512,stop,-15.937,-0.994,0.208,-0.41,val0
2021-03-05,2021-03-06 05:27:00,XEMUSDT,CORTO,ALCISTA,0.7058655646864237,0.7623348098613376,0.7625813970972463,stop,-16.861,-1.055,0.208,0.583,val0
2021-03-06,2021-03-08 06:15:00,BTCSTUSDT,CORTO,ALCISTA,309.84502811640436,334.63263036571675,334.7954521260467,stop,-16.091,-1.006,0.208,-0.222,val0
2021-03-12,2021-03-14 00:11:00,COTIUSDT,CORTO,ALCISTA,0.3731788978400944,0.403033209667302,0.4032662589994876,stop,-14.642,-0.916,0.208,-1.691,val0
2021-03-14,2021-03-14 03:24:00,CHRUSDT,CORTO,ALCISTA,0.5050579523774581,0.5454625885676547,0.5456782212415883,stop,-16.002,-1.003,0.208,-0.291,val0
2021-03-17,2021-03-17 13:18:00,MANAUSDT,CORTO,ALCISTA,0.9096690811271619,0.9824426076173349,0.9829871000763211,stop,-16.028,-1.001,0.208,-0.3,val0
2021-03-18,2021-03-18 03:21:00,ALICEUSDT,CORTO,ALCISTA,14.607205801924549,15.775782266078513,15.782450715886796,stop,-15.892,-0.993,0.208,-0.407,val0
2021-03-19,2021-03-26 00:00:00,HBARUSDT,CORTO,ALCISTA,0.3447517328688476,0.3723318714983554,0.3020263510788028,tiempo_max,26.725,1.669,0.188,-2.127,val0
2021-03-20,2021-03-21 07:49:00,ONEUSDT,CORTO,ALCISTA,0.1164794140989502,0.12579776722686623,0.12585256318200605,stop,-15.32,-0.957,0.208,-0.982,val0
2021-03-21,2021-03-21 04:11:00,LINAUSDT,CORTO,ALCISTA,0.15590090257491288,0.1683729747809059,0.16849195968128847,stop,-16.361,-1.021,0.208,0.0,val0
2021-03-24,2021-03-24 00:22:00,STMXUSDT,CORTO,ALCISTA,0.05083901385896944,0.054906134967686995,0.05494458823495306,stop,-16.264,-1.017,0.208,-0.096,val0
2021-03-26,2021-03-26 15:58:00,DENTUSDT,CORTO,ALCISTA,0.009786164681455385,0.010569057855971817,0.01057305252402944,stop,-16.077,-1.005,0.208,-0.213,val0
2021-03-31,2021-04-07 00:00:00,CELRUSDT,CORTO,ALCISTA,0.09244098161510168,0.09983626014430982,0.06919530247497536,tiempo_max,56.263,3.518,0.175,-6.145,val0
2021-04-01,2021-04-01 14:38:00,HOTUSDT,CORTO,ALCISTA,0.016778352905328666,0.01812062113775496,0.01812778649617593,stop,-15.472,-0.967,0.208,-0.822,val0
2021-04-02,2021-04-03 23:40:00,MTLUSDT,CORTO,ALCISTA,5.56517415098785,6.010388083066878,6.014216850228082,stop,-13.869,-0.867,0.208,-2.477,val0
2021-04-03,2021-04-04 18:26:00,OGNUSDT,CORTO,ALCISTA,1.8436261179616327,1.9911162073985633,1.992387632104246,stop,-14.693,-0.918,0.208,-1.653,val0
2021-04-08,2021-04-08 00:40:00,BTTUSDT,CORTO,ALCISTA,0.007932936154505545,0.00856757104686599,0.008571990878503816,stop,-16.179,-1.01,0.208,-0.14,val0
2021-04-11,2021-04-18 00:00:00,NKNUSDT,CORTO,ALCISTA,1.0250993583247268,1.107107306990705,0.7797377277293797,tiempo_max,55.772,3.484,0.176,-8.077,val0
2021-04-14,2021-04-14 06:35:00,SCUSDT,CORTO,ALCISTA,0.02824292941515213,0.030502363768364304,0.030516480911721162,stop,-15.774,-0.987,0.208,-0.534,val0
2021-06-24,2021-06-27 16:14:00,KEEPUSDT,CORTO,LATERAL_VOLATIL,0.2707058478726751,0.2923623157024891,0.29251748094172153,stop,-19.497,-1.217,0.208,3.174,val1
2021-07-18,2021-07-18 00:17:00,TLMUSDT,CORTO,LATERAL_VOLATIL,0.170312474040939,0.18393747196421412,0.18403913714939166,stop,-16.327,-1.021,0.208,0.0,val1
2021-08-14,2021-08-21 00:00:00,IOTXUSDT,CORTO,LATERAL_TRANQUILO,0.09932117214156795,0.10726686591289339,0.08286087686755986,tiempo_max,34.647,2.165,0.183,-1.685,val1
2021-08-21,2021-08-28 00:00:00,AUDIOUSDT,CORTO,LATERAL_TRANQUILO,3.160936579349156,3.413811505697089,2.5508464656986045,tiempo_max,40.124,2.507,0.181,-1.703,val1
2021-08-22,2021-08-24 13:12:00,RAYUSDT,CORTO,LATERAL_TRANQUILO,7.386115430577396,7.977004665023588,7.979830811598667,stop,-15.883,-0.992,0.208,-0.401,val1
2021-08-26,2021-08-26 00:47:00,C98USDT,CORTO,LATERAL_TRANQUILO,5.180188105982445,5.5946031544610415,5.596564314368295,stop,-16.137,-1.008,0.208,-0.147,val1
2021-08-29,2021-09-05 00:00:00,MASKUSDT,CORTO,LATERAL_TRANQUILO,14.67185634428055,15.845604851822996,11.985532700342755,tiempo_max,38.241,2.389,0.182,-1.804,val1
2021-09-02,2021-09-04 12:18:00,ATAUSDT,CORTO,LATERAL_TRANQUILO,1.409922383155856,1.5227161738083246,1.5232723593524093,stop,-14.886,-0.93,0.208,-1.401,val1
2021-09-12,2021-09-12 09:22:00,DYDXUSDT,CORTO,LATERAL_VOLATIL,10.942289920539668,11.817673114182842,11.82243308458687,stop,-16.275,-1.017,0.208,-0.02,val1
2021-09-19,2021-09-26 00:00:00,1000XECUSDT,CORTO,LATERAL_TRANQUILO,0.232063764033589,0.25062886515627614,0.21664916719056942,tiempo_max,13.491,0.843,0.193,-0.4,val1
2021-09-20,2021-09-23 03:52:00,GALAUSDT,CORTO,LATERAL_TRANQUILO,0.11006528381519658,0.11887050652041231,0.11890974762693632,stop,-16.06,-1.003,0.208,-0.22,val1
2021-09-29,2021-10-01 18:35:00,CELOUSDT,CORTO,LATERAL_VOLATIL,5.815740494619737,6.280999734189317,6.283959464968723,stop,-16.15,-1.009,0.208,-0.16,val1
2021-09-30,2021-10-01 01:58:00,ARUSDT,CORTO,LATERAL_VOLATIL,40.6259786260263,43.87605691610841,43.89610110811322,stop,-16.244,-1.015,0.208,-0.062,val1
2021-10-14,2021-10-21 00:00:00,KLAYUSDT,CORTO,LATERAL_VOLATIL,1.6091723295959708,1.7379061159636486,1.6575720399164917,tiempo_max,-4.521,-0.282,0.203,-1.697,val1
2021-10-21,2021-10-28 00:00:00,ARPAUSDT,CORTO,LATERAL_VOLATIL,0.16424463578906037,0.1773842066521852,0.12009900313174522,tiempo_max,55.834,3.488,0.173,-2.251,val1
2021-10-23,2021-10-30 00:00:00,NUUSDT,CORTO,LATERAL_VOLATIL,1.1260962995596038,1.216184003524372,0.9444619493482244,tiempo_max,33.649,2.103,0.184,-1.574,val1
2021-10-28,2021-10-29 02:11:00,CTSIUSDT,CORTO,ALCISTA,0.7027779860414927,0.7590002249248121,0.7595429842014887,stop,-16.281,-1.017,0.208,-0.081,val1
2021-11-13,2021-11-13 12:04:00,LPTUSDT,CORTO,ALCISTA,58.884886405054715,63.5956773174591,63.6217562176795,stop,-16.276,-1.017,0.208,-0.021,val1
2021-12-02,2021-12-04 05:28:00,ENSUSDT,CORTO,ALCISTA,64.80944413334542,69.99419966401307,38.90261630301471,objetivo,79.897,4.992,0.16,-0.11,val1
2021-12-26,2022-01-02 00:00:00,PEOPLEUSDT,CORTO,ALCISTA,0.14653005618161138,0.1582524606761403,0.124993445357084,tiempo_max,29.63,1.85,0.185,-0.42,val1
2021-12-29,2021-12-29 00:58:00,ANTUSDT,CORTO,ALCISTA,12.206283290059014,13.182785953263735,13.187329626880585,stop,-16.262,-1.016,0.208,-0.02,val1
2022-01-02,2022-01-09 00:00:00,ROSEUSDT,CORTO,LATERAL_TRANQUILO,0.44564018746493644,0.48129140246213137,0.34280056651486124,tiempo_max,46.355,2.896,0.177,-0.378,val1
2022-01-09,2022-01-09 17:43:00,DUSKUSDT,CORTO,LATERAL_TRANQUILO,0.6325456210946079,0.6831492707821766,0.6836557316931692,stop,-16.322,-1.018,0.208,-0.046,val1
2022-01-28,2022-02-01 04:00:00,1000BTTCUSDT,CORTO,LATERAL_TRANQUILO,0.0020506956928680736,0.0022147513482975198,0.00221633121917,stop,-17.356,-1.084,0.208,0.994,val1
2022-02-12,2022-02-16 09:35:00,FLOWUSDT,CORTO,LATERAL_VOLATIL,7.131486058304414,7.7020049429687685,7.705851004598837,stop,-16.195,-1.012,0.208,-0.121,val1
2022-02-13,2022-02-15 10:55:00,IMXUSDT,CORTO,LATERAL_VOLATIL,2.29861854824582,2.482508032105486,2.4836514602362705,stop,-16.146,-1.008,0.208,-0.162,val1
2022-02-24,2022-02-24 21:21:00,API3USDT,CORTO,LATERAL_TRANQUILO,6.335798228061213,6.8426620863061105,6.845971616406589,stop,-17.475,-1.091,0.208,1.162,val1
2022-03-10,2022-03-17 00:00:00,ANCUSDT,CORTO,BAJISTA,4.270167940787786,4.61178137605081,3.1652270347112683,tiempo_max,48.21,3.013,0.174,3.368,val1
2022-03-17,2022-03-17 01:08:00,GMTUSDT,CORTO,BAJISTA,0.5548677540252813,0.5992571743473039,0.5994252620098907,stop,-18.073,-1.129,0.208,1.804,val1
2022-03-19,2022-03-19 01:51:00,APEUSDT,CORTO,BAJISTA,13.064717671025953,14.10989508470803,14.113709956083264,stop,-16.574,-1.036,0.208,0.307,val1
2022-04-03,2022-04-03 04:27:00,BNXUSDT,CORTO,BAJISTA,75.07349175784053,81.07937109846777,81.12121708523378,stop,-16.32,-1.019,0.208,0.0,val1
2022-04-10,2022-04-17 00:00:00,WOOUSDT,CORTO,BAJISTA,0.5264954040897059,0.5686150364168824,0.47298492949284143,tiempo_max,20.522,1.282,0.19,-0.385,val1
2022-04-17,2022-04-17 10:47:00,FTTUSDT,CORTO,BAJISTA,41.786204757379544,45.12910113796991,45.14143100378099,stop,-16.247,-1.015,0.208,-0.02,val1
2022-04-22,2022-04-22 04:44:00,JASMYUSDT,CORTO,BAJISTA,0.023042959103793406,0.02488639583209688,0.024894606002148587,stop,-16.259,-1.015,0.208,-0.02,val1
2022-05-01,2022-05-01 00:44:00,DARUSDT,CORTO,BAJISTA,1.129588758839208,1.2199558595463447,1.2205324059064715,stop,-16.31,-1.018,0.208,0.0,val1
2022-05-07,2022-05-09 18:22:00,GALUSDT,CORTO,BAJISTA,13.079144869982514,14.125476459581115,7.849368820457973,objetivo,79.861,4.991,0.16,-0.05,val1
2022-06-03,2022-06-08 03:32:00,OPUSDT,CORTO,BAJISTA,1.5450444741731213,1.6686480321069712,0.9271827730132671,objetivo,79.768,4.982,0.16,0.052,val1
2022-08-19,2022-08-26 00:00:00,INJUSDT,CORTO,BAJISTA,1.7766435832791057,1.9187750699414343,1.7728780346257662,tiempo_max,-1.05,-0.066,0.2,1.274,val1
2022-08-27,2022-09-03 00:00:00,STGUSDT,CORTO,BAJISTA,0.9305783467444203,1.005024614483974,0.6528046792247852,tiempo_max,56.647,3.539,0.17,2.882,val1
2022-09-03,2022-09-10 00:00:00,FOOTBALLUSDT,CORTO,BAJISTA,1217.359979765958,1314.7487781472348,1106.7258500620133,tiempo_max,23.634,1.476,0.191,-5.649,val1
2022-09-08,2022-09-08 05:52:00,SPELLUSDT,CORTO,BAJISTA,0.0013083906035600377,0.0014130618518448407,0.001413677374178943,stop,-16.526,-1.032,0.208,0.224,val1
2022-09-11,2022-09-11 04:03:00,1000LUNCUSDT,CORTO,BAJISTA,0.4353550516057367,0.4701834557341956,0.47035678217498433,stop,-16.474,-1.03,0.208,0.186,val1
2022-09-12,2022-09-14 06:44:00,LUNA2USDT,CORTO,BAJISTA,5.720325032590252,6.177951035197473,3.4328959616128785,objetivo,79.691,4.98,0.16,0.124,val1
2022-09-24,2022-10-01 00:00:00,LDOUSDT,CORTO,BAJISTA,1.7540750020738605,1.8944010022397695,1.577758344284152,tiempo_max,19.915,1.246,0.19,-0.002,val1
2022-09-24,2022-10-01 00:00:00,CVXUSDT,CORTO,BAJISTA,4.815988112793216,5.2012671618166735,4.92331204609399,tiempo_max,-4.367,-0.273,0.202,-0.293,val1
2022-10-21,2022-10-22 11:38:00,APTUSDT,CORTO,BAJISTA,7.355224486106816,7.943642444995362,7.945601954289901,stop,-16.57,-1.035,0.208,0.309,val1
2022-10-22,2022-10-29 00:00:00,QNTUSDT,CORTO,BAJISTA,186.68068432926643,201.61513907560774,166.6072820966808,tiempo_max,17.836,1.114,0.189,3.48,val1
2022-11-04,2022-11-05 05:07:00,BLUEBIRDUSDT,CORTO,BAJISTA,9.90704147474812,10.69960479272797,10.704788510384374,stop,-16.256,-1.016,0.208,-0.057,val1
2023-01-19,2023-01-19 05:06:00,FETUSDT,CORTO,LATERAL_TRANQUILO,0.24857896767758358,0.2684652850917903,0.26857053429202066,stop,-16.293,-1.018,0.208,0.0,val2
2023-01-22,2023-01-24 05:56:00,FXSUSDT,CORTO,LATERAL_TRANQUILO,10.250077793459393,11.070084016936146,11.076166361956092,stop,-16.043,-1.002,0.208,-0.284,val2
2023-01-25,2023-01-25 07:24:00,HOOKUSDT,CORTO,LATERAL_TRANQUILO,2.531878601520245,2.734428889641865,2.735443451193296,stop,-16.269,-1.017,0.208,-0.02,val2
2023-01-27,2023-01-27 11:15:00,MAGICUSDT,CORTO,LATERAL_TRANQUILO,1.2212770287795576,1.3189791910819222,1.3195812985410729,stop,-16.191,-1.011,0.208,-0.116,val2
2023-02-03,2023-02-03 12:18:00,TUSDT,CORTO,LATERAL_TRANQUILO,0.0474965720643958,0.05129629782954747,0.051320479564988926,stop,-16.256,-1.016,0.208,-0.054,val2
2023-02-05,2023-02-05 06:04:00,RNDRUSDT,CORTO,LATERAL_TRANQUILO,1.6753571992748377,1.8093857752168248,1.8100697470823746,stop,-16.204,-1.012,0.208,-0.085,val2
2023-02-09,2023-02-10 10:58:00,MINAUSDT,CORTO,LATERAL_TRANQUILO,0.8255988022450508,0.8916467064246549,0.8919785671413523,stop,-16.181,-1.011,0.208,-0.108,val2
2023-02-09,2023-02-16 00:00:00,HIGHUSDT,CORTO,LATERAL_TRANQUILO,3.8483228832385152,4.156188713897596,3.5012755628391403,tiempo_max,18.206,1.137,0.191,-0.361,val2
2023-02-16,2023-02-16 01:56:00,ASTRUSDT,CORTO,ALCISTA,0.0966953803536451,0.10443101078193671,0.10447421271240591,stop,-16.277,-1.017,0.208,-0.02,val2
2023-02-18,2023-02-21 10:11:00,AGIXUSDT,CORTO,ALCISTA,0.43743564416158737,0.4724304956945144,0.47260970276466635,stop,-15.77,-0.986,0.208,-0.52,val2
2023-02-18,2023-02-18 03:58:00,PHBUSDT,CORTO,ALCISTA,1.2112515562682498,1.3081516807697098,1.3087326322817079,stop,-16.284,-1.017,0.208,-0.02,val2
2023-02-19,2023-02-26 00:00:00,GMXUSDT,CORTO,ALCISTA,80.55506237512134,86.99946736513105,72.2814113862592,tiempo_max,20.759,1.297,0.19,-0.407,val2
2023-02-22,2023-02-28 21:38:00,CFXUSDT,CORTO,ALCISTA,0.32928944546933087,0.35563260110687733,0.19762279823999465,objetivo,80.145,5.009,0.16,-0.335,val2
2023-02-23,2023-02-23 13:56:00,COCOSUSDT,CORTO,ALCISTA,2.404746307715144,2.5971260123323554,2.5981367920196137,stop,-16.252,-1.016,0.208,-0.04,val2
2023-02-23,2023-02-23 01:59:00,STXUSDT,CORTO,ALCISTA,0.7365639149879328,0.7954890281869675,0.7957821887020853,stop,-16.267,-1.016,0.208,-0.02,val2
2023-02-24,2023-03-03 00:00:00,ACHUSDT,CORTO,ALCISTA,0.045682015413209064,0.04933657664626579,0.03456352764042994,tiempo_max,48.822,3.05,0.176,-0.32,val2
2023-02-26,2023-02-26 03:43:00,SSVUSDT,CORTO,ALCISTA,40.02539339363617,43.22742486512707,43.23891187959189,stop,-16.245,-1.015,0.208,-0.02,val2
2023-03-02,2023-03-09 00:00:00,CKBUSDT,CORTO,ALCISTA,0.005338249599140455,0.005765309567071691,0.003912407631743359,tiempo_max,53.608,3.349,0.173,-0.362,val2
2023-03-08,2023-03-15 00:00:00,PERPUSDT,CORTO,ALCISTA,0.9865342469113876,1.0654569866642987,0.9564169184117634,tiempo_max,6.249,0.39,0.197,-0.34,val2
2023-03-09,2023-03-11 05:16:00,TRUUSDT,CORTO,ALCISTA,0.10492015258637429,0.11331376479328424,0.11336582109371417,stop,-16.4,-1.025,0.208,0.092,val2
2023-03-12,2023-03-13 02:38:00,LQTYUSDT,CORTO,LATERAL_TRANQUILO,2.1121456599245,2.28111731271846,2.282007543867735,stop,-22.769,-1.423,0.208,6.477,val2
2023-03-25,2023-04-01 00:00:00,IDUSDT,CORTO,ALCISTA,0.5282314454976347,0.5704899611374454,0.47993649989417847,tiempo_max,18.055,1.129,0.191,0.04,val2
2023-03-25,2023-03-30 07:36:00,ARBUSDT,CORTO,ALCISTA,1.271904773742129,1.3736571556414994,1.374011930130106,stop,-15.979,-0.998,0.208,-0.285,val2
2023-03-31,2023-03-31 06:02:00,JOEUSDT,CORTO,ALCISTA,0.6025798127870687,0.6507861978100343,0.6510051984665365,stop,-16.545,-1.033,0.208,0.264,val2
2023-04-01,2023-04-08 00:00:00,AMBUSDT,CORTO,ALCISTA,0.013572616402352565,0.014658425714540771,0.013446924970489646,tiempo_max,2.062,0.129,0.199,-0.409,val2
2023-04-01,2023-04-08 00:00:00,LEVERUSDT,CORTO,ALCISTA,0.002135812188663006,0.002306677163756047,0.002021017023214676,tiempo_max,10.94,0.684,0.195,-0.385,val2
2023-04-07,2023-04-13 23:38:00,RDNTUSDT,CORTO,ALCISTA,0.3314615569528143,0.3579784815090395,0.3580851670838918,stop,-16.049,-1.003,0.208,-0.223,val2
2023-04-08,2023-04-14 00:39:00,HFTUSDT,CORTO,ALCISTA,0.6165845464529365,0.6659113101691715,0.6662001247065249,stop,-15.946,-0.996,0.208,-0.356,val2
2023-04-15,2023-04-22 00:00:00,XVSUSDT,CORTO,ALCISTA,7.996355299710785,8.636063723687649,6.205588453849754,tiempo_max,45.306,2.83,0.178,-0.694,val2
2023-04-30,2023-05-07 00:00:00,BLURUSDT,CORTO,ALCISTA,0.7047549058333116,0.7611352982999765,0.5301768980315864,tiempo_max,49.775,3.111,0.175,-0.407,val2
2023-05-02,2023-05-09 00:00:00,EDUUSDT,CORTO,ALCISTA,1.2480309288926499,1.347873403204062,1.012198712741461,tiempo_max,37.985,2.374,0.181,-0.373,val2
2023-05-05,2023-05-12 00:00:00,SUIUSDT,CORTO,ALCISTA,1.32918981685435,1.435525002202698,1.0729660558942051,tiempo_max,37.123,2.32,0.181,1.25,val2
2023-05-05,2023-05-05 04:31:00,IDEXUSDT,CORTO,ALCISTA,0.11252950608741025,0.12153186657440307,0.12157328772672338,stop,-17.076,-1.067,0.208,0.794,val2
2023-05-07,2023-05-07 10:50:00,1000PEPEUSDT,CORTO,ALCISTA,0.0026188891473054783,0.0028284002790899166,0.002829269316941324,stop,-16.254,-1.015,0.208,-0.02,val2
2023-05-08,2023-05-15 00:00:00,1000FLOKIUSDT,CORTO,ALCISTA,0.039195484629598515,0.0423311233999664,0.035902840878040646,tiempo_max,16.787,1.049,0.192,-0.177,val2
2023-05-12,2023-05-13 07:23:00,RADUSDT,CORTO,ALCISTA,2.139848589327054,2.3110364764732183,2.312078630754681,stop,-16.54,-1.034,0.208,0.235,val2
2023-05-12,2023-05-19 00:00:00,UMAUSDT,CORTO,ALCISTA,2.3860028811007585,2.5768831115888196,2.1989703751657217,tiempo_max,14.304,0.893,0.192,1.181,val2
2023-05-26,2023-05-27 22:59:00,KEYUSDT,CORTO,ALCISTA,0.006839148212025001,0.007386280068987001,0.0073889918843879215,stop,-16.405,-1.025,0.208,0.117,val2
2023-06-04,2023-06-10 04:22:00,COMBOUSDT,CORTO,ALCISTA,1.569417636272489,1.6949710471742883,0.9415328099806506,objetivo,80.147,5.005,0.16,-0.292,val2
2023-06-24,2023-07-01 00:00:00,NMRUSDT,CORTO,ALCISTA,13.661840058657964,14.754787263350602,13.366840976294567,tiempo_max,2.047,0.128,0.198,2.074,val2
2023-07-01,2023-07-01 12:24:00,MAVUSDT,CORTO,ALCISTA,0.4087355335848411,0.4414343762716284,0.4416266663399446,stop,-16.447,-1.028,0.208,0.145,val2
2023-07-02,2023-07-02 03:03:00,MDTUSDT,CORTO,ALCISTA,0.049998196994247235,0.05399805275378702,0.05402182717794658,stop,-16.303,-1.018,0.208,0.0,val2
2023-07-07,2023-07-07 03:11:00,XVGUSDT,CORTO,ALCISTA,0.008133302758951072,0.008783966979667159,0.008787304338709194,stop,-16.29,-1.017,0.208,0.0,val2
2023-07-26,2023-07-26 02:55:00,WLDUSDT,CORTO,ALCISTA,2.2552817090260455,2.4357042457481293,2.4364742880996855,stop,-16.276,-1.017,0.208,0.0,val2
2023-07-30,2023-08-06 00:00:00,ARKMUSDT,CORTO,ALCISTA,0.5190186653861426,0.5605401586170341,0.4253673946822317,tiempo_max,36.131,2.258,0.182,-0.225,val2
2023-07-30,2023-08-06 00:00:00,PENDLEUSDT,CORTO,ALCISTA,0.7406336758589894,0.7998843699277086,0.7061229300710101,tiempo_max,8.819,0.551,0.195,0.304,val2
2023-07-31,2023-08-07 00:00:00,AGLDUSDT,CORTO,ALCISTA,0.6877313348875277,0.74274984167853,0.6767147965179778,tiempo_max,3.129,0.195,0.198,-0.124,val2
2023-08-07,2023-08-07 01:11:00,YGGUSDT,CORTO,ALCISTA,0.5393216923524778,0.5824674277406761,0.5826240326533002,stop,-16.266,-1.017,0.208,0.0,val2
2023-08-10,2023-08-13 16:01:00,DODOXUSDT,CORTO,ALCISTA,0.11795863506039182,0.12739532586522317,0.12745143958879707,stop,-19.208,-1.2,0.208,2.905,val2
2023-08-12,2023-08-19 00:00:00,BNTUSDT,CORTO,ALCISTA,0.5499262046785944,0.5939203010528821,0.4137787098690615,tiempo_max,41.915,2.618,0.175,7.424,val2
2023-08-13,2023-08-20 00:00:00,OXTUSDT,CORTO,ALCISTA,0.07656309263890625,0.08268814005001875,0.061072143335551596,tiempo_max,36.446,2.275,0.18,3.84,val2
2023-08-19,2023-08-26 00:00:00,SEIUSDT,CORTO,ALCISTA,0.1663433342683508,0.17965080100981887,0.1390477880841706,tiempo_max,30.228,1.889,0.184,2.407,val2
2023-08-23,2023-08-29 15:15:00,CYBERUSDT,CORTO,LATERAL_TRANQUILO,4.307568935718202,4.652174450575659,4.653716374783649,stop,-21.292,-1.33,0.208,5.012,val2
2023-09-18,2023-09-25 00:00:00,HIFIUSDT,CORTO,LATERAL_TRANQUILO,0.9002197881981482,0.9722373712540001,0.7599175700347887,tiempo_max,30.005,1.875,0.184,0.981,val2
2023-09-21,2023-09-28 00:00:00,ARKUSDT,CORTO,LATERAL_TRANQUILO,0.6563481957070848,0.7088560513636516,0.5554637387040688,tiempo_max,24.747,1.546,0.185,5.81,val2
2023-09-24,2023-09-24 04:44:00,FRONTUSDT,CORTO,LATERAL_TRANQUILO,0.37434239852082546,0.4042897904024915,0.40446530317413226,stop,-16.302,-1.018,0.208,0.0,val2
2023-09-28,2023-10-05 00:00:00,GLMRUSDT,CORTO,LATERAL_TRANQUILO,0.25297155302796154,0.2732092772701985,0.19989542587127504,tiempo_max,41.047,2.563,0.179,0.736,val2
2023-09-30,2023-10-07 00:00:00,BICOUSDT,CORTO,LATERAL_TRANQUILO,0.24548941551748832,0.2651285687588874,0.2341115232394665,tiempo_max,9.46,0.591,0.195,-0.386,val2
2023-10-13,2023-10-13 03:05:00,LOOMUSDT,CORTO,LATERAL_TRANQUILO,0.2690271965328064,0.2905493722554309,0.2906448813336522,stop,-16.279,-1.017,0.208,0.0,val2
2023-10-13,2023-10-15 13:52:00,STRAXUSDT,CORTO,LATERAL_TRANQUILO,0.7614822678087833,0.822400849233486,0.8228924948915132,stop,-20.13,-1.259,0.208,3.793,val2
2023-10-14,2023-10-14 15:53:00,BIGTIMEUSDT,CORTO,LATERAL_TRANQUILO,0.2111271230564872,0.2280172929010062,0.22808933865097922,stop,-16.246,-1.015,0.208,-0.03,val2
2023-10-17,2023-10-20 18:00:00,BONDUSDT,CORTO,LATERAL_TRANQUILO,4.10436568148316,4.432714936001814,4.434228217385158,stop,-22.324,-1.394,0.208,6.042,val2
2023-10-19,2023-10-19 08:23:00,ORBSUSDT,CORTO,LATERAL_TRANQUILO,0.04151510973377781,0.04483631851248004,0.04485350788421374,stop,-19.408,-1.212,0.208,3.117,val2
2023-10-20,2023-10-27 00:00:00,STPTUSDT,CORTO,LATERAL_TRANQUILO,0.06517002833248765,0.07038363059908667,0.06142175289169545,tiempo_max,7.373,0.46,0.194,3.936,val2
2023-10-20,2023-10-26 21:58:00,WAXPUSDT,CORTO,LATERAL_TRANQUILO,0.055548290600978635,0.05999215384905693,0.06001689759665472,stop,-19.19,-1.198,0.208,2.893,val2
2023-10-22,2023-10-29 00:00:00,BSVUSDT,CORTO,LATERAL_TRANQUILO,55.70165256858498,60.157784774071786,49.08772124687487,tiempo_max,23.949,1.496,0.188,-0.389,val2
2023-10-23,2023-10-23 02:13:00,RIFUSDT,CORTO,LATERAL_TRANQUILO,0.10959730312233917,0.11836508737212631,0.1184122491774041,stop,-16.294,-1.017,0.208,0.0,val2
2023-10-27,2023-10-27 00:40:00,POLYXUSDT,CORTO,LATERAL_TRANQUILO,0.26151687740822294,0.2824382276008808,0.28254364412814387,stop,-16.289,-1.018,0.208,0.0,val2
2023-10-27,2023-10-27 05:25:00,GASUSDT,CORTO,LATERAL_TRANQUILO,2.966949742978267,3.2043057224165286,3.205578031597159,stop,-16.231,-1.014,0.208,-0.063,val2
2023-10-29,2023-11-05 00:00:00,POWRUSDT,CORTO,LATERAL_TRANQUILO,0.2426134691210479,0.2620225466507317,0.22528967278744294,tiempo_max,15.085,0.943,0.193,-0.997,val2
2023-11-02,2023-11-02 01:50:00,TIAUSDT,CORTO,LATERAL_TRANQUILO,2.5497987336904537,2.75378263238569,2.754756057428689,stop,-16.231,-1.014,0.208,-0.054,val2
2023-11-02,2023-11-09 00:00:00,SLPUSDT,CORTO,LATERAL_TRANQUILO,0.0026069884161287614,0.0028155474894190624,0.0023590361345471465,tiempo_max,19.436,1.215,0.19,-0.604,val2
2023-11-04,2023-11-04 05:27:00,SNTUSDT,CORTO,LATERAL_TRANQUILO,0.055746360028153266,0.06020606883040553,0.06023992853341319,stop,-16.332,-1.02,0.208,0.002,val2
2023-11-04,2023-11-04 03:31:00,CAKEUSDT,CORTO,LATERAL_TRANQUILO,1.5147433575701983,1.6359228261758143,1.6365937626727762,stop,-16.297,-1.018,0.208,0.0,val2
2023-11-05,2023-11-06 03:30:00,TWTUSDT,CORTO,LATERAL_TRANQUILO,1.3093824336934021,1.4141330283888744,1.4149134599831328,stop,-16.149,-1.009,0.208,-0.178,val2
2023-11-05,2023-11-09 16:13:00,TOKENUSDT,CORTO,LATERAL_TRANQUILO,0.04251654393920485,0.04591786745434124,0.02553246136232395,objetivo,83.102,5.196,0.16,-3.368,val2
2023-11-05,2023-11-12 00:00:00,MEMEUSDT,CORTO,LATERAL_TRANQUILO,0.025097684518299822,0.02710549927976381,0.022256967554165237,tiempo_max,23.966,1.497,0.189,-1.518,val2
2023-11-09,2023-11-09 05:13:00,ORDIUSDT,CORTO,LATERAL_TRANQUILO,12.577382841338883,13.583573468645994,13.587493266950702,stop,-16.26,-1.016,0.208,-0.011,val2
2023-11-10,2023-11-10 01:18:00,STEEMUSDT,CORTO,EUFORIA,0.28608382507151237,0.3089705310772334,0.30911670193229096,stop,-16.31,-1.019,0.208,0.0,val2
2023-11-11,2023-11-18 00:00:00,BADGERUSDT,CORTO,EUFORIA,4.483009662790712,4.841650435813969,3.655236306546091,tiempo_max,38.222,2.388,0.182,-1.474,val2
2023-11-12,2023-11-19 00:00:00,ILVUSDT,CORTO,EUFORIA,92.75244521152715,100.17264082844932,87.87754885038268,tiempo_max,11.69,0.73,0.195,-1.373,val2
2023-11-16,2023-11-23 00:00:00,NTRNUSDT,CORTO,EUFORIA,0.5126980223523748,0.5537138641405649,0.4792132708785593,tiempo_max,13.356,0.835,0.193,-0.487,val2
2023-11-16,2023-11-23 00:00:00,MBLUSDT,CORTO,EUFORIA,0.006312323379152559,0.006817309249484764,0.0053468227845034485,tiempo_max,29.976,1.872,0.185,0.43,val2
2023-11-19,2023-11-19 21:31:00,KASUSDT,CORTO,EUFORIA,0.14025184249906864,0.15147198989899413,0.1515190691094669,stop,-16.224,-1.014,0.208,-0.051,val2
2023-11-19,2023-11-19 17:35:00,BEAMXUSDT,CORTO,EUFORIA,0.008434292214883196,0.009109035592073851,0.009113509670817432,stop,-16.462,-1.028,0.208,0.148,val2
2023-11-24,2023-12-01 00:00:00,1000BONKUSDT,CORTO,ALCISTA,0.004265338149747815,0.004606565201727641,0.0038864749899358724,tiempo_max,23.15,1.446,0.191,-5.577,val2
2023-11-24,2023-11-24 06:57:00,PYTHUSDT,CORTO,ALCISTA,0.49873827290900424,0.5386373347417246,0.5388603481999903,stop,-16.236,-1.013,0.208,-0.061,val2
2023-11-28,2023-11-28 01:29:00,SUPERUSDT,CORTO,ALCISTA,0.3409605272577978,0.36823736943842167,0.36840445899014695,stop,-16.306,-1.019,0.208,0.0,val2
2023-11-29,2023-11-29 03:16:00,ONGUSDT,CORTO,ALCISTA,0.4432356812145728,0.47869453571173864,0.47893571503616816,stop,-16.307,-1.018,0.208,-0.01,val2
2023-11-29,2023-11-29 06:04:00,USTCUSDT,CORTO,ALCISTA,0.04215791997492344,0.04553055357291732,0.04554576796780612,stop,-16.498,-1.031,0.208,0.218,val2
2023-11-30,2023-12-03 01:06:00,ETHWUSDT,CORTO,ALCISTA,2.737911455566034,2.9569443720113173,2.958553315394711,stop,-15.627,-0.976,0.208,-0.698,val2
2023-12-10,2023-12-10 00:50:00,JTOUSDT,CORTO,ALCISTA,3.34945441566713,3.617410768920501,3.6185732704111153,stop,-16.277,-1.017,0.208,0.0,val2
2023-12-14,2023-12-14 00:34:00,1000SATSUSDT,CORTO,ALCISTA,0.0005098194375573639,0.0005506049925619531,0.0005508880314903462,stop,-16.319,-1.018,0.208,0.0,val2
2023-12-17,2023-12-18 19:04:00,AUCTIONUSDT,CORTO,ALCISTA,28.378789369569244,30.649092519134786,30.660304802367353,stop,-26.919,-1.682,0.208,10.632,val2
2023-12-17,2023-12-24 00:00:00,1000RATSUSDT,CORTO,ALCISTA,0.3991844028333849,0.4311191550600557,0.32471808396757895,tiempo_max,40.49,2.53,0.181,-3.362,val2
2023-12-20,2023-12-21 04:32:00,ACEUSDT,CORTO,ALCISTA,13.29991286820074,14.363905897656801,14.36768507271456,stop,-15.608,-0.976,0.208,-0.656,val2
2023-12-28,2023-12-28 03:17:00,MOVRUSDT,CORTO,ALCISTA,25.222122141137557,27.239891912428565,27.25313327555106,stop,-16.313,-1.019,0.208,0.0,val2
2023-12-29,2023-12-29 01:15:00,NFPUSDT,CORTO,ALCISTA,0.9134050689361412,0.9864774744510325,0.98689888171976,stop,-16.247,-1.015,0.208,-0.053,val2
2024-01-10,2024-01-11 10:27:00,AIUSDT,CORTO,ALCISTA,1.1568621095824356,1.2494110783490306,1.2499220244537308,stop,-16.175,-1.01,0.208,-0.122,val2
2024-01-11,2024-01-11 05:17:00,XAIUSDT,CORTO,ALCISTA,0.6484075747363552,0.7002801807152637,0.7006174889761799,stop,-16.292,-1.018,0.208,-0.02,val2
2024-01-20,2024-01-22 19:41:00,WIFUSDT,CORTO,ALCISTA,0.400212249010765,0.43222922893162624,0.24014755986371414,objetivo,81.513,5.092,0.16,-1.683,val2
2024-01-20,2024-01-21 08:21:00,MANTAUSDT,CORTO,ALCISTA,2.31723540078809,2.5026142328511374,2.503272078669748,stop,-16.161,-1.01,0.208,-0.104,val2
2024-01-22,2024-01-22 00:53:00,ONDOUSDT,CORTO,ALCISTA,0.2827978466051133,0.3054216743335224,0.3055469762042612,stop,-16.297,-1.018,0.208,0.0,val2
2024-01-27,2024-01-28 12:25:00,LSKUSDT,CORTO,ALCISTA,1.245421716543694,1.3450554538671897,1.3456466991493814,stop,-16.216,-1.013,0.208,-0.087,val2
2024-01-27,2024-01-27 16:19:00,ALTUSDT,CORTO,ALCISTA,0.3615028893280973,0.39042312047434513,0.3905196282242351,stop,-16.221,-1.014,0.208,-0.041,val2
2024-02-02,2024-02-09 00:00:00,JUPUSDT,CORTO,ALCISTA,0.6029262533209021,0.6511603535865743,0.510138288521264,tiempo_max,31.364,1.96,0.185,-0.77,val2
2024-02-04,2024-02-05 04:13:00,ZETAUSDT,CORTO,ALCISTA,1.3984280133151021,1.5103022543803104,1.510771268436884,stop,-16.273,-1.017,0.208,-0.002,val2
2024-02-08,2024-02-10 17:26:00,RONINUSDT,CORTO,ALCISTA,2.5551160617038398,2.7595253466401473,2.760368405079936,stop,-16.186,-1.012,0.208,-0.088,val2
2024-02-09,2024-02-09 01:33:00,DYMUSDT,CORTO,ALCISTA,7.270096023303534,7.851703705167817,7.853932385045888,stop,-16.269,-1.017,0.208,0.0,val2
2024-02-15,2024-02-22 00:00:00,OMUSDT,CORTO,ALCISTA,0.28140285397099774,0.3039150822886776,0.218267706162157,tiempo_max,46.582,2.91,0.178,-1.888,val2
2024-02-21,2024-02-22 12:08:00,PIXELUSDT,CORTO,ALCISTA,0.5162234046963435,0.557521277072051,0.5576891517615559,stop,-15.76,-0.985,0.208,-0.513,val2
2024-02-22,2024-02-22 21:49:00,STRKUSDT,CORTO,ALCISTA,1.8933978296511462,2.0448696560232382,2.0454897443103235,stop,-15.922,-0.995,0.208,-0.352,val2
2024-02-23,2024-03-01 00:00:00,MAVIAUSDT,CORTO,ALCISTA,7.393806813888947,7.985311359000064,5.531974694833714,tiempo_max,53.83,3.363,0.175,-3.643,val2
2024-02-24,2024-02-25 00:12:00,GLMUSDT,CORTO,EUFORIA,0.33843265867834743,0.36550727137261524,0.36571827957933933,stop,-16.199,-1.012,0.208,-0.133,val2
2024-03-02,2024-03-09 00:00:00,PORTALUSDT,CORTO,EUFORIA,2.2876170375233906,2.470626400525262,2.224591781640141,tiempo_max,9.09,0.568,0.197,-3.777,val2
2024-03-03,2024-03-03 04:24:00,AXLUSDT,CORTO,EUFORIA,1.9665429991848469,2.123866439119635,2.124732356377639,stop,-16.167,-1.01,0.208,-0.129,val2
2024-03-03,2024-03-10 00:00:00,TONUSDT,CORTO,EUFORIA,2.7178290439834574,2.9352553675021342,2.8822984620778813,tiempo_max,-8.68,-0.542,0.206,-3.629,val2
2024-03-07,2024-03-08 06:45:00,MYROUSDT,CORTO,EUFORIA,0.3494363862963567,0.37739129720006526,0.37754091867455186,stop,-15.037,-0.94,0.208,-1.257,val2
2024-03-14,2024-03-21 00:00:00,METISUSDT,CORTO,EUFORIA,133.62820369560188,144.31845999125005,104.70634847265337,tiempo_max,45.028,2.813,0.178,-1.919,val2
2024-03-15,2024-03-22 00:00:00,AEVOUSDT,CORTO,EUFORIA,3.0288943686174545,3.271205918106851,2.4977746300883554,tiempo_max,29.458,1.84,0.182,5.43,val2
2024-03-15,2024-03-22 00:00:00,VANRYUSDT,CORTO,EUFORIA,0.3153799962640784,0.3406103959652047,0.28250702903308006,tiempo_max,21.722,1.356,0.19,-1.065,val2
2024-03-18,2024-03-18 17:21:00,BOMEUSDT,CORTO,EUFORIA,0.01842870160134166,0.019902997729448993,0.01105904705103493,objetivo,80.232,5.014,0.16,-0.411,val2
2024-03-20,2024-03-20 08:33:00,ETHFIUSDT,CORTO,EUFORIA,3.019723818952913,3.261301724469146,3.2626439242460337,stop,-16.276,-1.017,0.208,-0.021,val2
2024-04-04,2024-04-07 06:54:00,ENAUSDT,CORTO,ALCISTA,1.1336606578854365,1.2243535105162715,1.224682562411571,stop,-17.354,-1.084,0.208,1.088,val2
2024-04-05,2024-04-12 00:00:00,WUSDT,CORTO,ALCISTA,1.0766638635139625,1.1627969725950795,0.779515953558215,tiempo_max,56.905,3.555,0.172,-1.88,val2
2024-04-10,2024-04-12 18:33:00,TNSRUSDT,CORTO,ALCISTA,1.8204405674057245,1.9660758127981826,1.0923925398076588,objetivo,80.386,5.023,0.16,-0.561,val2
2024-04-11,2024-04-12 18:36:00,SAGAUSDT,CORTO,ALCISTA,6.122742944276425,6.612562379818539,3.6743356220258603,objetivo,80.143,5.008,0.16,-0.325,val2
2024-04-13,2024-04-14 14:18:00,TAOUSDT,CORTO,ALCISTA,537.3815361929701,580.3720590884077,580.5679317282281,stop,-16.194,-1.012,0.208,-0.086,val2
2024-04-19,2024-04-19 10:42:00,OMNIUSDT,CORTO,ALCISTA,24.9923406314317,26.991727881946236,27.001024945722552,stop,-16.254,-1.016,0.208,-0.029,val2
2024-05-02,2024-05-02 20:05:00,REZUSDT,CORTO,ALCISTA,0.15264080071750755,0.16485206477490816,0.16491830726941348,stop,-16.245,-1.014,0.208,-0.05,val2
2024-05-15,2024-05-15 13:28:00,BBUSDT,CORTO,ALCISTA,0.37017061493142406,0.399784264125938,0.3999347008028531,stop,-16.259,-1.016,0.208,-0.03,val2
2024-05-18,2024-05-25 00:00:00,NOTUSDT,CORTO,ALCISTA,0.006959059860177744,0.0075157846489919645,0.004846390573986646,tiempo_max,60.368,3.772,0.17,0.18,val2
2024-06-01,2024-06-07 18:06:00,TURBOUSDT,CORTO,ALCISTA,0.007750003147187246,0.008370003398962227,0.004652015910971121,objetivo,81.776,5.11,0.16,-1.988,val2
2024-06-13,2024-06-13 02:36:00,IOUSDT,CORTO,ALCISTA,5.683314314953567,6.137979460149853,6.139907850287601,stop,-16.276,-1.017,0.208,0.0,val2
2024-07-28,2024-08-04 00:00:00,RENDERUSDT,CORTO,ALCISTA,6.459416972014137,6.976170329775268,4.949711740372556,tiempo_max,46.919,2.928,0.177,-0.351,reciente
2024-08-17,2024-08-17 07:53:00,GUSDT,CORTO,LATERAL_VOLATIL,0.04046145992327068,0.04369837671713234,0.04371355897117188,stop,-16.273,-1.017,0.208,-0.01,reciente
2024-08-17,2024-08-17 09:32:00,BANANAUSDT,CORTO,LATERAL_VOLATIL,49.53900060524906,53.50212065366899,53.52026876846831,stop,-16.262,-1.016,0.208,-0.019,reciente
2024-08-17,2024-08-17 06:38:00,RAREUSDT,CORTO,LATERAL_VOLATIL,0.14936034599590253,0.16130917367557474,0.16135708863831205,stop,-20.346,-1.271,0.208,4.073,reciente
2024-08-18,2024-08-18 07:48:00,SYNUSDT,CORTO,LATERAL_VOLATIL,0.6445521416018684,0.6961163129300179,0.6964493736129933,stop,-16.404,-1.025,0.208,0.093,reciente
2024-08-21,2024-08-21 06:29:00,SYSUSDT,CORTO,LATERAL_VOLATIL,0.1490431332712214,0.16096658393291913,0.16101910402300887,stop,-16.259,-1.017,0.208,-0.019,reciente
2024-08-22,2024-08-26 00:36:00,VOXELUSDT,CORTO,LATERAL_VOLATIL,0.20500854949638858,0.22140923345609967,0.22150651445320224,stop,-16.043,-1.002,0.208,-0.26,reciente
2024-08-22,2024-08-23 14:16:00,BRETTUSDT,CORTO,LATERAL_VOLATIL,0.08940528014910623,0.09655770256103474,0.09659745528844166,stop,-16.204,-1.012,0.208,-0.093,reciente
2024-08-24,2024-08-24 00:06:00,SUNUSDT,CORTO,LATERAL_VOLATIL,0.03383786128860749,0.03654489019169609,0.03655821176635227,stop,-16.287,-1.017,0.208,0.0,reciente
2024-08-24,2024-08-25 21:31:00,POPCATUSDT,CORTO,LATERAL_VOLATIL,0.7388534361452372,0.7979617110368563,0.7982540733128322,stop,-15.751,-0.984,0.208,-0.536,reciente
2024-08-24,2024-08-24 18:01:00,ALPACAUSDT,CORTO,LATERAL_VOLATIL,0.23617327440613659,0.25506713635862754,0.2551546663754515,stop,-16.243,-1.015,0.208,-0.04,reciente
2024-08-25,2024-08-25 08:32:00,VIDTUSDT,CORTO,LATERAL_VOLATIL,0.041275094614481075,0.04457710218363956,0.044594436799621835,stop,-16.251,-1.016,0.208,-0.041,reciente
2024-08-28,2024-08-28 08:58:00,DOGSUSDT,CORTO,LATERAL_VOLATIL,0.0012366808203458837,0.0013356152859735544,0.001335976565553082,stop,-16.246,-1.015,0.208,-0.02,reciente
2024-08-28,2024-09-04 00:00:00,NULSUSDT,CORTO,LATERAL_VOLATIL,0.4440733388438231,0.479599205951329,0.4083230410113453,tiempo_max,15.499,0.968,0.192,0.41,reciente
2024-08-30,2024-09-06 00:00:00,MBOXUSDT,CORTO,LATERAL_VOLATIL,0.1689305672138427,0.1824450125909501,0.1385621663285241,tiempo_max,36.112,2.255,0.182,-0.341,reciente
2024-08-31,2024-09-07 00:00:00,CHESSUSDT,CORTO,LATERAL_VOLATIL,0.1812232784496894,0.19572114072566457,0.14426272178746075,tiempo_max,40.974,2.56,0.18,-0.364,reciente
2024-09-05,2024-09-12 00:00:00,FLUXUSDT,CORTO,LATERAL_VOLATIL,0.5843647887509659,0.6311139718510432,0.5898201958743413,tiempo_max,-3.405,-0.213,0.201,1.337,reciente
2024-09-07,2024-09-14 00:00:00,BSWUSDT,CORTO,LATERAL_VOLATIL,0.07438088450943837,0.08033135527019344,0.07317984713414931,tiempo_max,2.912,0.182,0.198,0.119,reciente
2024-09-08,2024-09-11 15:50:00,QUICKUSDT,CORTO,LATERAL_VOLATIL,0.04150269836438578,0.04482291423353665,0.04483877186003422,stop,-16.088,-1.005,0.208,-0.197,reciente
2024-09-08,2024-09-08 07:30:00,NEIROETHUSDT,CORTO,LATERAL_VOLATIL,0.1285498174651509,0.138833802862363,0.1388767905136218,stop,-16.265,-1.017,0.208,-0.01,reciente
2024-09-11,2024-09-18 00:00:00,RPLUSDT,CORTO,LATERAL_VOLATIL,11.245054074534828,12.144658400497615,9.655701842417313,tiempo_max,28.394,1.772,0.186,-0.312,reciente
2024-09-12,2024-09-16 00:12:00,AERGOUSDT,CORTO,LATERAL_VOLATIL,0.0967689551443322,0.10451047155587878,0.10456578523834102,stop,-16.102,-1.005,0.208,-0.22,reciente
2024-09-15,2024-09-22 00:00:00,POLUSDT,CORTO,LATERAL_TRANQUILO,0.40518386662941486,0.4375985759597681,0.4114181409795688,tiempo_max,-3.095,-0.193,0.202,-0.184,reciente
2024-09-17,2024-09-17 02:56:00,UXLINKUSDT,CORTO,LATERAL_TRANQUILO,0.4300587695020549,0.4644634710622193,0.46460986797020704,stop,-16.266,-1.016,0.208,-0.01,reciente
2024-09-18,2024-09-18 00:40:00,NEIROUSDT,CORTO,LATERAL_TRANQUILO,0.0006882049133883032,0.0007432613064593676,0.0007434911890195747,stop,-16.275,-1.017,0.208,0.0,reciente
2024-09-18,2024-09-18 00:55:00,1MBABYDOGEUSDT,CORTO,LATERAL_TRANQUILO,0.002144106805468996,0.002315635349906516,0.002316613316564054,stop,-16.299,-1.018,0.208,0.0,reciente
2024-09-20,2024-09-27 00:00:00,KDAUSDT,CORTO,LATERAL_TRANQUILO,0.6460227771129835,0.6977045992820222,0.6404665491207775,tiempo_max,1.919,0.12,0.199,-0.398,reciente
2024-09-21,2024-09-24 06:06:00,FIDAUSDT,CORTO,LATERAL_TRANQUILO,0.3367709911335722,0.363712670424258,0.363905090539835,stop,-16.141,-1.008,0.208,-0.182,reciente
2024-09-22,2024-09-29 00:00:00,FIOUSDT,CORTO,LATERAL_TRANQUILO,0.039295930027998194,0.04243960443023805,0.03580335762891131,tiempo_max,18.098,1.131,0.191,-0.513,reciente
2024-09-22,2024-09-29 00:00:00,CATIUSDT,CORTO,LATERAL_TRANQUILO,0.9040517416986114,0.9763758810345003,0.6469661927755017,tiempo_max,57.064,3.566,0.172,-0.361,reciente
2024-09-25,2024-10-02 00:00:00,GHSTUSDT,CORTO,LATERAL_TRANQUILO,1.07847555225908,1.1647535964398066,0.959573046714079,tiempo_max,22.26,1.391,0.189,-0.399,reciente
2024-09-26,2024-10-03 00:00:00,LOKAUSDT,CORTO,LATERAL_TRANQUILO,0.2428782731948979,0.26230853505048973,0.191721486542372,tiempo_max,42.397,2.648,0.179,-0.45,reciente
2024-09-28,2024-10-05 00:00:00,HMSTRUSDT,CORTO,LATERAL_TRANQUILO,0.006799278715606011,0.007343221012854492,0.004804418068642315,tiempo_max,58.841,3.676,0.171,-0.333,reciente
2024-09-29,2024-10-06 00:00:00,REIUSDT,CORTO,LATERAL_TRANQUILO,0.06396903414444,0.0690865568759952,0.05459510840846262,tiempo_max,29.49,1.842,0.185,-0.367,reciente
2024-10-02,2024-10-09 00:00:00,COSUSDT,CORTO,LATERAL_TRANQUILO,0.007328419148158991,0.007914692680011711,0.007021709123500905,tiempo_max,8.565,0.535,0.196,-0.39,reciente
2024-10-03,2024-10-03 02:57:00,EIGENUSDT,CORTO,BAJISTA,3.251996415492018,3.5121561287313794,3.5134293111543764,stop,-16.286,-1.017,0.208,0.0,reciente
2024-10-04,2024-10-04 17:16:00,DIAUSDT,CORTO,BAJISTA,0.5955397393531865,0.6431829185014415,0.6434892484206648,stop,-16.271,-1.016,0.208,-0.04,reciente
2024-10-23,2024-10-23 02:08:00,1000CATUSDT,CORTO,LATERAL_TRANQUILO,0.036985670972157964,0.039944524649930604,0.039959189135370485,stop,-16.287,-1.018,0.208,0.0,reciente
2024-10-24,2024-10-31 00:00:00,SCRUSDT,CORTO,LATERAL_TRANQUILO,0.940630859917904,1.0158813287113364,0.7403173511033783,tiempo_max,42.821,2.675,0.179,-0.408,reciente
2024-10-26,2024-10-26 06:39:00,GOATUSDT,CORTO,LATERAL_TRANQUILO,0.7059446225784569,0.7624201923847335,0.7626566552946592,stop,-16.23,-1.014,0.208,-0.045,reciente
2024-10-27,2024-11-03 00:00:00,MOODENGUSDT,CORTO,LATERAL_TRANQUILO,0.2551443901960763,0.27555594141176243,0.16286691627108865,tiempo_max,73.677,4.604,0.164,-1.507,reciente
2024-10-27,2024-11-03 00:00:00,SAFEUSDT,CORTO,LATERAL_TRANQUILO,1.469100298922293,1.5866283228360765,1.1234755408276473,tiempo_max,47.154,2.946,0.176,-0.278,reciente
2024-10-30,2024-11-06 00:00:00,SANTOSUSDT,CORTO,LATERAL_TRANQUILO,5.1321947778688495,5.542770360098358,4.346343054592306,tiempo_max,28.279,1.766,0.185,2.161,reciente
2024-11-02,2024-11-04 08:47:00,TROYUSDT,CORTO,LATERAL_TRANQUILO,0.0028446444892635636,0.003072216048404649,0.0030736220009288154,stop,-16.18,-1.01,0.208,-0.127,reciente
2024-11-06,2024-11-06 02:55:00,PONKEUSDT,CORTO,ALCISTA,0.4397453869174191,0.47492501787081265,0.4751200178801096,stop,-16.297,-1.018,0.208,0.0,reciente
2024-11-08,2024-11-15 00:00:00,COWUSDT,CORTO,ALCISTA,0.512790435644114,0.5538136704956431,0.36352972810166106,tiempo_max,59.014,3.688,0.171,-0.97,reciente
2024-11-08,2024-11-08 04:16:00,CETUSUSDT,CORTO,ALCISTA,0.38834870680188743,0.4194166033460385,0.4195417799175733,stop,-16.262,-1.016,0.208,-0.011,reciente
2024-11-09,2024-11-10 14:13:00,1000000MOGUSDT,CORTO,ALCISTA,2.0117378377395134,2.1726768647586745,2.173710060661789,stop,-15.997,-0.999,0.208,-0.314,reciente
2024-11-10,2024-11-12 10:07:00,SWELLUSDT,CORTO,ALCISTA,0.061614480402985825,0.0665436388352247,0.036996405050317094,objetivo,79.398,4.964,0.16,0.352,reciente
2024-11-10,2024-11-11 11:39:00,GRASSUSDT,CORTO,ALCISTA,3.2923574528285755,3.5557460490548616,3.5570618747880816,stop,-15.829,-0.989,0.208,-0.459,reciente
2024-11-10,2024-11-10 00:15:00,DRIFTUSDT,CORTO,ALCISTA,1.7913878406933126,1.9346988679487778,1.9353458788972613,stop,-16.28,-1.017,0.208,0.0,reciente
2024-11-13,2024-11-13 01:28:00,ACTUSDT,CORTO,EUFORIA,0.5578701241689306,0.6024997341024451,0.6027256776150203,stop,-16.289,-1.018,0.208,0.0,reciente
2024-11-13,2024-11-13 01:29:00,PNUTUSDT,CORTO,EUFORIA,0.44259717567415763,0.47800494972809027,0.4782284235267202,stop,-16.309,-1.019,0.208,0.0,reciente
2024-11-15,2024-11-15 09:36:00,1000XUSDT,CORTO,EUFORIA,0.2521558790020347,0.27232834932219746,0.27244147034437316,stop,-16.224,-1.014,0.208,-0.074,reciente
2024-11-15,2024-11-15 06:23:00,HIPPOUSDT,CORTO,EUFORIA,0.01978980613060531,0.021372990621053738,0.0213814664055812,stop,-16.256,-1.016,0.208,-0.038,reciente
2024-11-17,2024-11-17 10:32:00,DEGENUSDT,CORTO,EUFORIA,0.022669856839111418,0.024483445386240334,0.0244925911739322,stop,-16.014,-1.0,0.208,-0.275,reciente
2024-11-20,2024-11-20 00:03:00,AKTUSDT,CORTO,EUFORIA,4.102297763720706,4.430481584818363,4.433031947963185,stop,-16.322,-1.019,0.208,-0.01,reciente
2024-11-20,2024-11-20 01:02:00,BANUSDT,CORTO,EUFORIA,0.2548904670013851,0.27528170436149596,0.27541994833468486,stop,-16.196,-1.011,0.208,-0.12,reciente
2024-11-23,2024-11-25 11:31:00,SCRTUSDT,CORTO,EUFORIA,0.5642057828628058,0.6093422454918302,0.6096688229075525,stop,-16.549,-1.034,0.208,0.225,reciente
2024-11-23,2024-11-23 13:48:00,SLERFUSDT,CORTO,EUFORIA,0.3175715458664249,0.3429772695357389,0.3431343158841702,stop,-16.111,-1.006,0.208,-0.196,reciente
2024-11-27,2024-11-27 08:01:00,1000CHEEMSUSDT,CORTO,EUFORIA,0.0006336501728783585,0.0006843421867086272,0.0006847755269314372,stop,-16.204,-1.011,0.208,-0.141,reciente
2024-11-27,2024-11-27 10:32:00,1000WHYUSDT,CORTO,EUFORIA,0.00019485445545721768,0.00021044281189379512,0.0002105948902259502,stop,-16.093,-1.005,0.208,-0.271,reciente
2024-11-29,2024-11-30 00:23:00,MORPHOUSDT,CORTO,EUFORIA,1.2483108042939401,1.3481756686374555,1.3489079777017086,stop,-16.134,-1.008,0.208,-0.192,reciente
2024-11-29,2024-11-29 03:16:00,CHILLGUYUSDT,CORTO,EUFORIA,0.48292645186186606,0.5215605680108154,0.5217659556319897,stop,-16.293,-1.018,0.208,0.0,reciente
2024-11-29,2024-12-06 00:00:00,THEUSDT,CORTO,EUFORIA,3.2802679932057552,3.542689432662216,2.4941599723081724,tiempo_max,49.17,3.072,0.176,-1.417,reciente
2024-12-06,2024-12-06 05:35:00,KAIAUSDT,CORTO,EUFORIA,0.31838329588826875,0.3438539595593303,0.3439923154349598,stop,-16.195,-1.012,0.208,-0.1,reciente
2024-12-06,2024-12-06 10:59:00,AEROUSDT,CORTO,EUFORIA,1.8006767107186143,1.9447308475761036,1.9458050603798462,stop,-16.095,-1.005,0.208,-0.233,reciente
2024-12-08,2024-12-15 00:00:00,ORCAUSDT,CORTO,EUFORIA,6.2759157353069295,6.777988994131484,4.97590637180074,tiempo_max,41.905,2.619,0.179,-0.656,reciente
2024-12-08,2024-12-08 10:03:00,ACXUSDT,CORTO,EUFORIA,0.9873068958459775,1.0662914475136558,1.0667109830202999,stop,-16.197,-1.011,0.208,-0.096,reciente
2024-12-11,2024-12-11 00:14:00,MOVEUSDT,CORTO,EUFORIA,0.7365718194578807,0.7954975650145113,0.7957562900633979,stop,-16.278,-1.017,0.208,0.0,reciente
2024-12-12,2024-12-12 22:29:00,VIRTUALUSDT,CORTO,ALCISTA,1.9109858213728894,2.0638646870827206,2.06457107978963,stop,-15.887,-0.993,0.208,-0.395,reciente
2024-12-12,2024-12-16 05:11:00,SPXUSDT,CORTO,ALCISTA,0.7597480927108325,0.8205279401276993,0.8208310688436675,stop,-17.643,-1.102,0.208,1.355,reciente
2024-12-12,2024-12-19 00:00:00,RAYSOLUSDT,CORTO,ALCISTA,5.395113191918327,5.826722247271793,4.454015703283488,tiempo_max,35.136,2.195,0.183,-0.432,reciente
2024-12-12,2024-12-17 03:05:00,MEUSDT,CORTO,ALCISTA,5.424486418012544,5.858445331453548,3.2549249566300538,objetivo,80.069,5.003,0.16,-0.237,reciente
2024-12-12,2024-12-12 03:38:00,KOMAUSDT,CORTO,ALCISTA,0.1509975151584023,0.16307731637107448,0.16315375037444235,stop,-16.24,-1.015,0.208,-0.069,reciente
2024-12-15,2024-12-16 06:31:00,AVAUSDT,CORTO,ALCISTA,2.1629568988191488,2.335993450724681,2.3369455108885915,stop,-16.231,-1.014,0.208,-0.065,reciente
2024-12-15,2024-12-15 21:58:00,VELODROMEUSDT,CORTO,ALCISTA,0.23846975133779774,0.25754733144482156,0.25764278324963075,stop,-16.233,-1.014,0.208,-0.056,reciente
2024-12-15,2024-12-16 09:20:00,DEGOUSDT,CORTO,ALCISTA,3.3449953582364156,3.612594986895329,3.6141278192573956,stop,-16.222,-1.013,0.208,-0.078,reciente
2024-12-18,2024-12-20 23:50:00,VANAUSDT,CORTO,ALCISTA,17.806684637560338,19.231219408565167,19.237946477951095,stop,-16.218,-1.013,0.208,-0.065,reciente
2024-12-18,2024-12-18 09:15:00,MOCAUSDT,CORTO,ALCISTA,0.13145190893705677,0.14196806165202133,0.14202481853732463,stop,-16.307,-1.019,0.208,0.013,reciente
2024-12-19,2024-12-25 01:05:00,PENGUUSDT,CORTO,ALCISTA,0.035590224313189936,0.038437442258245136,0.03844887887447102,stop,-15.965,-0.998,0.208,-0.308,reciente
2024-12-20,2024-12-20 02:40:00,LUMIAUSDT,CORTO,ALCISTA,1.4722321123190514,1.5900106813045756,1.5908693238582767,stop,-16.325,-1.02,0.208,0.0,reciente
2024-12-20,2024-12-20 04:33:00,USUALUSDT,CORTO,ALCISTA,1.4394291563458046,1.554583488853469,1.5550230411776806,stop,-16.331,-1.021,0.208,0.062,reciente
2024-12-22,2024-12-24 13:15:00,CGPTUSDT,CORTO,ALCISTA,0.24318877083823703,0.262643872505296,0.2627720007931328,stop,-16.286,-1.018,0.208,-0.028,reciente
2024-12-22,2024-12-23 21:07:00,AIXBTUSDT,CORTO,ALCISTA,0.3030715615217651,0.32731728644350633,0.32747740647354145,stop,-16.285,-1.017,0.208,-0.029,reciente
2024-12-22,2024-12-29 00:00:00,KMNOUSDT,CORTO,ALCISTA,0.16791197108836878,0.18134492877543829,0.1554707644224045,tiempo_max,15.041,0.94,0.193,-0.415,reciente
2024-12-22,2024-12-23 21:07:00,FARTCOINUSDT,CORTO,ALCISTA,0.7999900920040177,0.8639892993643392,0.8643282693412825,stop,-15.883,-0.992,0.208,-0.41,reciente
2024-12-25,2024-12-29 00:07:00,HIVEUSDT,CORTO,ALCISTA,0.3562678818544336,0.3847693124027883,0.3849590583261,stop,-22.082,-1.379,0.208,5.768,reciente
2024-12-26,2024-12-30 20:00:00,DEXEUSDT,CORTO,ALCISTA,13.435801023412122,14.510665105285092,14.516941001188794,stop,-16.203,-1.012,0.208,-0.099,reciente
2025-01-01,2025-01-01 14:09:00,DFUSDT,CORTO,ALCISTA,0.08762977147057903,0.09464015318822536,0.09467502115416715,stop,-16.247,-1.016,0.208,-0.04,reciente
2025-01-01,2025-01-01 01:17:00,PHAUSDT,CORTO,ALCISTA,0.39287330680590193,0.4243031713503741,0.4244887693783764,stop,-16.55,-1.034,0.208,0.248,reciente
2025-01-04,2025-01-06 15:11:00,GRIFFAINUSDT,CORTO,ALCISTA,0.46255705640180916,0.49956162091395395,0.49971230337419037,stop,-15.819,-0.988,0.208,-0.455,reciente
2025-01-04,2025-01-06 16:07:00,AI16ZUSDT,CORTO,ALCISTA,2.1023225568705555,2.2705083614202,2.2712249219809046,stop,-15.277,-0.954,0.208,-1.0,reciente
2025-01-04,2025-01-08 17:06:00,ZEREBROUSDT,CORTO,ALCISTA,0.6008742668493732,0.6489442081973231,0.3605618244021419,objetivo,81.615,5.099,0.16,-1.787,reciente
2025-01-05,2025-01-05 23:42:00,BIOUSDT,CORTO,ALCISTA,0.6984922561454562,0.7543716366370927,0.7546049275569311,stop,-16.224,-1.014,0.208,-0.051,reciente
2025-01-09,2025-01-10 08:56:00,COOKIEUSDT,CORTO,ALCISTA,0.5138470483759895,0.5549548122460687,0.5552224396207884,stop,-16.183,-1.011,0.208,-0.129,reciente
2025-01-09,2025-01-09 01:17:00,SWARMSUSDT,CORTO,ALCISTA,0.31218300191108256,0.3371576420639692,0.3372947932033164,stop,-16.296,-1.018,0.208,0.0,reciente
2025-01-09,2025-01-13 09:05:00,ALCHUSDT,CORTO,ALCISTA,0.16162243061881001,0.17455222506831483,0.09697055422155149,objetivo,80.523,5.03,0.16,-0.68,reciente
2025-01-10,2025-01-10 01:16:00,SONICUSDT,CORTO,ALCISTA,0.7570545429948741,0.817618906434464,0.8179744847400253,stop,-16.302,-1.019,0.208,0.0,reciente
2025-01-11,2025-01-18 00:00:00,DUSDT,CORTO,ALCISTA,0.17147347693807952,0.1851913550931259,0.1359691249887914,tiempo_max,41.533,2.595,0.179,-0.301,reciente
2025-01-17,2025-01-24 00:00:00,PROMUSDT,CORTO,ALCISTA,7.34342069902899,7.9308943549513105,5.352418862954834,tiempo_max,53.88,3.367,0.173,0.173,reciente
2025-01-18,2025-01-25 00:00:00,SUSDT,CORTO,ALCISTA,0.7792369417214535,0.8415758970591699,0.536483972956636,tiempo_max,62.454,3.903,0.169,-0.317,reciente
2025-01-19,2025-01-19 11:27:00,ARCUSDT,CORTO,ALCISTA,0.5260960453658021,0.5681837289950663,0.5684181127617007,stop,-16.063,-1.004,0.208,-0.234,reciente
2025-01-19,2025-01-24 00:54:00,SOLVUSDT,CORTO,ALCISTA,0.10435962027195744,0.11270838989371404,0.06262112661606799,objetivo,80.061,5.002,0.16,-0.232,reciente
2025-01-19,2025-01-19 00:54:00,AVAAIUSDT,CORTO,ALCISTA,0.2427362475343309,0.2621551473370774,0.2623287327356748,stop,-16.351,-1.021,0.208,0.0,reciente
2025-01-20,2025-01-20 00:16:00,TRUMPUSDT,CORTO,ALCISTA,46.597937913060036,50.32577294610484,50.340527063457884,stop,-16.271,-1.017,0.208,0.0,reciente
2025-01-22,2025-01-24 20:35:00,MELANIAUSDT,CORTO,ALCISTA,4.160217265491644,4.493034646730976,2.496114265854283,objetivo,80.151,5.007,0.16,-0.31,reciente
2025-01-24,2025-01-31 00:00:00,VTHOUSDT,CORTO,ALCISTA,0.006676010526935482,0.007210091369090321,0.004912436910538411,tiempo_max,44.874,2.803,0.174,7.786,reciente
2025-01-25,2025-02-01 00:00:00,ANIMEUSDT,CORTO,ALCISTA,0.061681484830375076,0.06661600361680509,0.04551505640813748,tiempo_max,52.468,3.278,0.174,-0.223,reciente
2025-01-26,2025-01-26 01:28:00,PIPPINUSDT,CORTO,ALCISTA,0.13795681782598512,0.14899336325206394,0.149059024114263,stop,-16.303,-1.018,0.208,0.0,reciente
2025-01-26,2025-01-26 06:02:00,VINEUSDT,CORTO,ALCISTA,0.3818895363182533,0.41244069922371357,0.4126105007720266,stop,-16.555,-1.034,0.208,0.258,reciente
2025-01-31,2025-02-01 22:15:00,VVVUSDT,CORTO,ALCISTA,6.5266640483193825,7.048797172184933,3.9165616677503245,objetivo,79.791,4.985,0.16,0.032,reciente
2025-02-08,2025-02-15 00:00:00,BERAUSDT,CORTO,ALCISTA,7.674963698299802,8.288960794163787,5.902613983841489,tiempo_max,43.32,2.706,0.177,2.688,reciente
2025-02-11,2025-02-11 00:24:00,TSTUSDT,CORTO,ALCISTA,0.16614609771567732,0.17943778553293152,0.17950561002296178,stop,-16.29,-1.018,0.208,0.0,reciente
2025-02-13,2025-02-20 00:00:00,LAYERUSDT,CORTO,ALCISTA,0.9817174670264317,1.0602548643885463,0.6364923289815935,tiempo_max,59.045,3.689,0.165,11.121,reciente
2025-02-15,2025-02-18 09:31:00,IPUSDT,CORTO,ALCISTA,1.906937875599736,2.059492905647715,2.0600901831640113,stop,-27.985,-1.748,0.208,11.714,reciente
2025-02-15,2025-02-22 00:00:00,HEIUSDT,CORTO,ALCISTA,0.794344154041188,0.8578916863644831,0.5776239988444534,tiempo_max,53.698,3.355,0.173,0.695,reciente
2025-02-15,2025-02-22 00:00:00,B3USDT,CORTO,ALCISTA,0.010134448266554122,0.010945204127878453,0.00732302434794257,tiempo_max,42.543,2.657,0.172,12.768,reciente
2025-02-19,2025-02-19 06:47:00,SHELLUSDT,CORTO,ALCISTA,0.46871379929550677,0.5062109032391473,0.5064084241030229,stop,-16.282,-1.017,0.208,-0.01,reciente
2025-02-19,2025-02-19 01:21:00,GPSUSDT,CORTO,ALCISTA,0.11863258515309551,0.12812319196534316,0.12819427433390318,stop,-16.328,-1.02,0.208,0.0,reciente
2025-02-22,2025-02-22 00:29:00,KAITOUSDT,CORTO,ALCISTA,1.4251113054065132,1.5391202098390344,1.539601500552327,stop,-16.276,-1.017,0.208,0.0,reciente
2025-03-08,2025-03-15 00:00:00,REDUSDT,CORTO,ALCISTA,0.643180670143055,0.6946351237544994,0.5612855652640248,tiempo_max,15.172,0.948,0.187,10.106,reciente
2025-03-14,2025-03-14 21:59:00,VICUSDT,CORTO,LATERAL_VOLATIL,0.2925734766314973,0.3159793547620171,0.3161265603098627,stop,-17.043,-1.065,0.208,0.734,reciente
2025-03-15,2025-03-22 00:00:00,EPICUSDT,CORTO,LATERAL_VOLATIL,1.8617157089852454,2.010652965704065,1.2468665685062459,tiempo_max,66.084,4.129,0.167,-0.199,reciente
2025-03-19,2025-03-19 08:08:00,MUBARAKUSDT,CORTO,LATERAL_VOLATIL,0.1498451548186293,0.16183276720411965,0.16189046376547486,stop,-16.023,-1.001,0.208,-0.262,reciente
2025-03-19,2025-03-25 03:42:00,BMTUSDT,CORTO,LATERAL_VOLATIL,0.2660230827114451,0.2873049293283607,0.15963855665660706,objetivo,79.252,4.952,0.16,0.57,reciente
2025-03-21,2025-03-23 14:14:00,FORMUSDT,CORTO,LATERAL_VOLATIL,1.871028481629611,2.02071076015998,2.021383417740691,stop,-16.134,-1.008,0.208,-0.146,reciente
2025-03-22,2025-03-29 00:00:00,BIDUSDT,CORTO,LATERAL_VOLATIL,0.06692345036133833,0.0722773263902454,0.05741241549801248,tiempo_max,32.79,2.048,0.186,-4.552,reciente
2025-03-22,2025-03-25 11:54:00,TUTUSDT,CORTO,LATERAL_VOLATIL,0.029222992816433528,0.031560832241748216,0.01753870849394723,objetivo,79.964,4.997,0.16,-0.158,reciente
2025-03-23,2025-03-23 12:16:00,BRUSDT,CORTO,LATERAL_VOLATIL,0.17009118518391134,0.18369847999862426,0.18379395227658593,stop,-16.29,-1.017,0.208,-0.03,reciente
2025-03-23,2025-03-24 01:00:00,PLUMEUSDT,CORTO,LATERAL_VOLATIL,0.1879545466492998,0.2029909103812438,0.2031154177880595,stop,-16.287,-1.017,0.208,-0.053,reciente
2025-03-23,2025-03-24 18:16:00,BROCCOLIF3BUSDT,CORTO,LATERAL_VOLATIL,0.017511030890996104,0.01891191336227579,0.018923937632317596,stop,-14.555,-0.909,0.208,-1.79,reciente
2025-03-23,2025-03-23 06:08:00,BROCCOLI714USDT,CORTO,LATERAL_VOLATIL,0.047747273193951494,0.05156705504946762,0.05159571591286521,stop,-16.318,-1.02,0.208,-0.01,reciente
2025-03-24,2025-03-24 08:57:00,SIRENUSDT,CORTO,LATERAL_VOLATIL,0.06559639614211815,0.0708441078334876,0.07087949931813166,stop,-16.297,-1.018,0.208,-0.019,reciente
2025-03-24,2025-03-24 04:34:00,BANANAS31USDT,CORTO,LATERAL_VOLATIL,0.005294746032149345,0.005718325714721293,0.005721045036493006,stop,-16.311,-1.019,0.208,-0.0,reciente
2025-03-26,2025-03-27 14:27:00,NILUSDT,CORTO,ALCISTA,0.6282970330428145,0.6785607956862397,0.6788213942093291,stop,-16.204,-1.012,0.208,-0.087,reciente
2025-03-27,2025-03-27 01:13:00,PARTIUSDT,CORTO,ALCISTA,0.34279932647557176,0.37022327259361754,0.3703429447677471,stop,-16.48,-1.03,0.208,0.202,reciente
2025-03-28,2025-04-04 00:00:00,JELLYJELLYUSDT,CORTO,ALCISTA,0.01801106713790722,0.019451952508939798,0.011957575365856777,tiempo_max,67.456,4.214,0.166,-0.402,reciente
2025-03-29,2025-04-01 01:29:00,WALUSDT,CORTO,ALCISTA,0.47664223146288764,0.5147736099799187,0.5149581017593643,stop,-21.66,-1.353,0.208,5.374,reciente
2025-04-02,2025-04-09 00:00:00,MLNUSDT,CORTO,LATERAL_VOLATIL,11.354052851835663,12.262377079982517,8.944794910795668,tiempo_max,38.752,2.423,0.179,3.508,reciente
2025-04-02,2025-04-06 05:20:00,GUNUSDT,CORTO,LATERAL_VOLATIL,0.06307964116929023,0.06812601246283345,0.06814655908871016,stop,-18.514,-1.157,0.208,2.24,reciente
2025-04-02,2025-04-02 02:48:00,FUNUSDT,CORTO,LATERAL_VOLATIL,0.004532671136684945,0.004895284827619741,0.004898356760036645,stop,-17.228,-1.076,0.208,0.884,reciente
2025-04-04,2025-04-11 00:00:00,ATHUSDT,CORTO,LATERAL_VOLATIL,0.03056679009867443,0.03301213330656839,0.03173307853234719,tiempo_max,-8.417,-0.526,0.204,0.582,reciente
2025-04-07,2025-04-07 07:18:00,BABYUSDT,CORTO,LATERAL_VOLATIL,0.06342568798554624,0.06849974302438994,0.06856468961777729,stop,-16.403,-1.024,0.208,-0.01,reciente
2025-04-10,2025-04-12 13:47:00,FORTHUSDT,CORTO,LATERAL_VOLATIL,3.0808241673479304,3.327290100735765,3.3289601111710203,stop,-16.247,-1.015,0.208,-0.07,reciente
2025-04-13,2025-04-13 12:17:00,XCNUSDT,CORTO,LATERAL_VOLATIL,0.02027073184962542,0.021892390397595454,0.02190261153073604,stop,-16.682,-1.042,0.208,0.373,reciente
2025-04-13,2025-04-13 09:50:00,PROMPTUSDT,CORTO,LATERAL_VOLATIL,0.47942914762615824,0.5177834794362509,0.517953981715513,stop,-17.406,-1.087,0.208,1.126,reciente
2025-04-14,2025-04-14 04:21:00,STOUSDT,CORTO,LATERAL_VOLATIL,0.08629119898177151,0.09319449490031324,0.09326065509163524,stop,-16.319,-1.02,0.208,-0.042,reciente
2025-04-14,2025-04-14 02:33:00,PUMPUSDT,CORTO,LATERAL_VOLATIL,0.10254386695999865,0.11074737631679854,0.11082902395314323,stop,-16.367,-1.023,0.208,0.0,reciente
2025-04-14,2025-04-14 00:34:00,FHEUSDT,CORTO,LATERAL_VOLATIL,0.05975064240568176,0.06453069379813631,0.06457473007350638,stop,-16.355,-1.022,0.208,0.0,reciente
2025-04-16,2025-04-16 03:16:00,KERNELUSDT,CORTO,LATERAL_VOLATIL,0.23452007915605333,0.25328168548853763,0.2533786847927499,stop,-16.291,-1.018,0.208,0.0,reciente
2025-04-17,2025-04-19 22:48:00,WCTUSDT,CORTO,LATERAL_VOLATIL,0.43367816640600876,0.4683724197184895,0.46852580952447515,stop,-23.895,-1.493,0.208,7.616,reciente
2025-04-18,2025-04-23 01:45:00,INITUSDT,CORTO,LATERAL_VOLATIL,0.776154569051337,0.838246934575444,0.8391630205734757,stop,-16.158,-1.009,0.208,-0.286,reciente
2025-04-20,2025-04-21 13:37:00,BANKUSDT,CORTO,LATERAL_VOLATIL,0.04348823640224323,0.046967295314422695,0.0469854210809982,stop,-16.947,-1.059,0.208,0.655,reciente
2025-04-23,2025-04-24 09:13:00,EPTUSDT,CORTO,LATERAL_VOLATIL,0.012505108082689176,0.01350551672930431,0.013511973178200645,stop,-17.35,-1.084,0.208,1.039,reciente
2025-04-24,2025-04-27 07:05:00,HYPERUSDT,CORTO,LATERAL_VOLATIL,0.22281416048844155,0.24063929332751688,0.24072834643831462,stop,-16.423,-1.026,0.208,0.135,reciente
2025-04-24,2025-04-25 06:47:00,DEEPUSDT,CORTO,LATERAL_VOLATIL,0.1816578220571334,0.19619044782170408,0.1962659897968797,stop,-18.429,-1.151,0.208,2.138,reciente
2025-04-27,2025-04-27 09:06:00,FISUSDT,CORTO,LATERAL_VOLATIL,0.2003952781724754,0.21642690042627344,0.21655516467402994,stop,-16.306,-1.019,0.208,-0.03,reciente
2025-04-27,2025-04-27 10:12:00,MEMEFIUSDT,CORTO,LATERAL_VOLATIL,0.0029446990122257285,0.003180274933203787,0.003181537467732181,stop,-16.264,-1.016,0.208,-0.03,reciente
2025-04-30,2025-04-30 06:12:00,SIGNUSDT,CORTO,LATERAL_VOLATIL,0.10099977769710736,0.10907975991287595,0.10910975953074858,stop,-16.398,-1.025,0.208,0.13,reciente
2025-04-30,2025-05-01 00:01:00,JSTUSDT,CORTO,LATERAL_VOLATIL,0.037491365792895415,0.04049067505632705,0.040506333224560556,stop,-16.222,-1.014,0.208,-0.069,reciente
2025-05-02,2025-05-02 04:34:00,PUNDIXUSDT,CORTO,LATERAL_VOLATIL,0.431718363147406,0.4662558321991985,0.466497422372525,stop,-16.31,-1.019,0.208,-0.01,reciente
2025-05-02,2025-05-02 03:16:00,AIOTUSDT,CORTO,LATERAL_VOLATIL,0.24137679061148268,0.2606869338604013,0.2607868483951259,stop,-16.291,-1.018,0.208,0.0,reciente
2025-05-03,2025-05-10 00:00:00,DOLOUSDT,CORTO,LATERAL_VOLATIL,0.06476413993427534,0.06994527112901737,0.050821729051460596,tiempo_max,43.253,2.704,0.178,-0.376,reciente
2025-05-03,2025-05-10 00:00:00,HAEDALUSDT,CORTO,LATERAL_VOLATIL,0.19506509729220176,0.2106703050755779,0.1314717614129667,tiempo_max,60.355,3.769,0.167,4.68,reciente
2025-05-04,2025-05-05 14:15:00,SXTUSDT,CORTO,LATERAL_VOLATIL,0.3110782914501664,0.33596455476617976,0.3362363296369797,stop,-16.293,-1.018,0.208,-0.09,reciente
2025-05-08,2025-05-08 07:15:00,B2USDT,CORTO,LATERAL_VOLATIL,0.5693397336331558,0.6148869123238083,0.6151261906047065,stop,-16.38,-1.023,0.208,0.088,reciente
2025-05-08,2025-05-08 06:08:00,MILKUSDT,CORTO,LATERAL_VOLATIL,0.10128419811303961,0.1093869339620828,0.1094439582063202,stop,-16.31,-1.019,0.208,-0.01,reciente
2025-05-08,2025-05-08 04:29:00,ALPINEUSDT,CORTO,LATERAL_VOLATIL,0.9279501889802975,1.0021862040987213,1.0027653950161808,stop,-16.323,-1.02,0.208,-0.01,reciente
2025-05-08,2025-05-08 03:48:00,ASRUSDT,CORTO,LATERAL_VOLATIL,1.5741789559742303,1.7001132724521688,1.701190063648339,stop,-16.345,-1.021,0.208,0.0,reciente
2025-05-09,2025-05-09 09:02:00,SYRUPUSDT,CORTO,LATERAL_TRANQUILO,0.22640185759539308,0.24451400620302455,0.24463439446183693,stop,-16.267,-1.016,0.208,-0.047,reciente
2025-05-09,2025-05-09 19:18:00,OBOLUSDT,CORTO,LATERAL_TRANQUILO,0.25743535106808774,0.2780301791535348,0.2781604201371174,stop,-16.391,-1.024,0.208,0.082,reciente
2025-05-11,2025-05-15 13:51:00,DOODUSDT,CORTO,LATERAL_TRANQUILO,0.00810531095088711,0.008753735826958079,0.004863051509794059,objetivo,80.073,5.0,0.16,-0.229,reciente
2025-05-14,2025-05-21 00:00:00,OGUSDT,CORTO,LATERAL_TRANQUILO,5.322934432158082,5.748769186730729,5.174273045513352,tiempo_max,5.799,0.362,0.197,-0.41,reciente
2025-05-15,2025-05-22 00:00:00,SKYAIUSDT,CORTO,LATERAL_TRANQUILO,0.0788815006899235,0.08519202074511739,0.06537822723623807,tiempo_max,35.175,2.198,0.183,-1.121,reciente
2025-05-15,2025-05-22 00:00:00,ZKJUSDT,CORTO,LATERAL_TRANQUILO,2.0542840386814705,2.218626761775988,2.0496943246101664,tiempo_max,0.461,0.029,0.2,-0.214,reciente
2025-05-17,2025-05-24 00:00:00,NXPCUSDT,CORTO,LATERAL_TRANQUILO,2.55347543897373,2.7577534740916287,1.9703824586339858,tiempo_max,42.303,2.643,0.177,3.191,reciente
2025-05-22,2025-05-22 00:33:00,AGTUSDT,CORTO,LATERAL_TRANQUILO,0.03253705772958643,0.03514002234795335,0.03516890550654613,stop,-16.376,-1.023,0.208,-0.01,reciente
2025-05-23,2025-05-30 00:00:00,AWEUSDT,CORTO,LATERAL_TRANQUILO,0.068766827277918,0.07426817346015144,0.06167162636200999,tiempo_max,20.335,1.27,0.19,0.111,reciente
2025-05-24,2025-05-24 01:11:00,BUSDT,CORTO,LATERAL_TRANQUILO,0.27676981766000053,0.29891140307280056,0.29903594763325153,stop,-16.138,-1.008,0.208,-0.16,reciente
2025-05-25,2025-05-31 17:54:00,SOONUSDT,CORTO,ALCISTA,0.3996546817732923,0.4316270563151557,0.23983076096520622,objetivo,78.29,4.892,0.16,1.531,reciente
2025-05-28,2025-06-04 00:00:00,HUMAUSDT,CORTO,ALCISTA,0.05920363983054712,0.0639399310169909,0.041464783338983464,tiempo_max,59.689,3.729,0.17,0.066,reciente
2025-05-30,2025-05-30 02:28:00,AUSDT,CORTO,ALCISTA,0.6880832146130349,0.7431298717820778,0.7434461665264743,stop,-16.29,-1.018,0.208,-0.01,reciente
2025-05-30,2025-05-30 16:29:00,SOPHUSDT,CORTO,ALCISTA,0.056657963408237186,0.06119060048089617,0.06121053771669835,stop,-19.797,-1.237,0.208,3.518,reciente
2025-05-31,2025-06-01 04:46:00,MERLUSDT,CORTO,ALCISTA,0.1103442573842434,0.11917179797498288,0.11921650011608034,stop,-16.41,-1.025,0.208,0.121,reciente
2025-06-01,2025-06-02 19:49:00,HYPEUSDT,CORTO,ALCISTA,32.66125603330792,35.27415651597256,35.28502568487376,stop,-16.073,-1.004,0.208,-0.202,reciente
2025-06-05,2025-06-12 00:00:00,BDXNUSDT,CORTO,ALCISTA,0.05687867131973738,0.061428965025316376,0.038265572977606806,tiempo_max,65.638,4.102,0.167,-0.356,reciente
2025-06-06,2025-06-06 03:16:00,PORT3USDT,CORTO,ALCISTA,0.045395672592086905,0.04902732639945386,0.049057533093138955,stop,-16.666,-1.041,0.208,0.325,reciente
2025-06-06,2025-06-10 11:30:00,PUFFERUSDT,CORTO,ALCISTA,0.1883725218862361,0.203442323637135,0.2035448300620807,stop,-17.984,-1.123,0.208,1.667,reciente
2025-06-07,2025-06-13 01:36:00,LAUSDT,CORTO,ALCISTA,1.2885801104336347,1.3916665192683255,0.7728675683050558,objetivo,69.468,4.337,0.16,10.415,reciente
2025-06-07,2025-06-10 08:44:00,1000000BOBUSDT,CORTO,ALCISTA,0.11792659618903949,0.12736072388416264,0.07076856787974245,objetivo,81.028,5.062,0.16,-1.209,reciente
2025-06-11,2025-06-18 00:00:00,SKATEUSDT,CORTO,ALCISTA,0.05068035080137147,0.05473477886548119,0.04276689895446957,tiempo_max,29.01,1.812,0.184,2.035,reciente
2025-06-12,2025-06-18 13:24:00,RESOLVUSDT,CORTO,ALCISTA,0.3421460112384651,0.3695176921375423,0.20529316222275876,objetivo,77.434,4.838,0.16,2.403,reciente
2025-06-12,2025-06-12 09:32:00,HOMEUSDT,CORTO,ALCISTA,0.03178283168018039,0.034325458214594824,0.03433658040184283,stop,-18.137,-1.133,0.208,1.859,reciente
2025-06-13,2025-06-20 00:00:00,SQDUSDT,CORTO,ALCISTA,0.25448380059294756,0.2748425046403834,0.18292009778307788,tiempo_max,40.15,2.508,0.172,15.92,reciente
2025-06-13,2025-06-20 00:00:00,TAIKOUSDT,CORTO,ALCISTA,0.5160904168057215,0.5573776501501793,0.40390793614165815,tiempo_max,42.912,2.68,0.178,0.384,reciente
2025-06-15,2025-06-22 00:00:00,PUMPBTCUSDT,CORTO,ALCISTA,0.04745215218785226,0.051248324362880446,0.03660643455449088,tiempo_max,44.481,2.779,0.177,1.054,reciente
2025-06-19,2025-06-26 00:00:00,SPKUSDT,CORTO,ALCISTA,0.0498659176010202,0.05385519100910182,0.03768141169135393,tiempo_max,47.343,2.957,0.176,1.351,reciente
2025-06-20,2025-06-20 03:14:00,MYXUSDT,CORTO,ALCISTA,0.04797671771110989,0.05181485512799868,0.051838825222367976,stop,-16.308,-1.019,0.208,0.0,reciente
2025-06-20,2025-06-27 00:00:00,FUSDT,CORTO,ALCISTA,0.009202235220483038,0.00993841403812168,0.008706032296065558,tiempo_max,2.206,0.138,0.195,8.384,reciente
2025-06-21,2025-06-21 06:50:00,NEWTUSDT,CORTO,ALCISTA,0.26233742123809894,0.2833244149371469,0.28345770803192477,stop,-16.289,-1.018,0.208,-0.02,reciente
2025-06-26,2025-06-29 01:25:00,DMCUSDT,CORTO,ALCISTA,0.004893009417703478,0.005284450171119757,0.005286939081985933,stop,-19.237,-1.202,0.208,2.927,reciente
2025-06-27,2025-06-29 22:25:00,OLUSDT,CORTO,ALCISTA,0.029396409196089393,0.03174812193177655,0.03176314257001929,stop,-16.14,-1.009,0.208,-0.17,reciente
2025-06-27,2025-06-27 16:31:00,HUSDT,CORTO,ALCISTA,0.02087151790090043,0.022541239332972467,0.02255050788359366,stop,-18.566,-1.159,0.208,2.27,reciente
2025-06-28,2025-06-28 17:06:00,SAHARAUSDT,CORTO,ALCISTA,0.0841272314405029,0.09085740995574314,0.09088434175055973,stop,-21.774,-1.36,0.208,5.502,reciente
2025-07-05,2025-07-08 10:42:00,ICNTUSDT,CORTO,ALCISTA,0.26499075164067876,0.2861900117719331,0.28632489208508166,stop,-18.224,-1.139,0.208,1.914,reciente
2025-07-06,2025-07-06 16:04:00,IDOLUSDT,CORTO,ALCISTA,0.012674160345134333,0.01368809317274508,0.013696478889478213,stop,-18.947,-1.185,0.208,2.606,reciente
2025-07-06,2025-07-12 10:05:00,BULLAUSDT,CORTO,ALCISTA,0.07436540583279347,0.08031463829941696,0.08036900117462209,stop,-13.466,-0.84,0.208,-2.888,reciente
2025-07-09,2025-07-09 07:27:00,MUSDT,CORTO,ALCISTA,0.20182674431267544,0.21797288385768948,0.21805406293482102,stop,-16.981,-1.061,0.208,0.692,reciente
2025-07-11,2025-07-11 01:16:00,TANSSIUSDT,CORTO,ALCISTA,0.056440766936454674,0.060956028291371055,0.06098992958249883,stop,-16.289,-1.018,0.208,-0.04,reciente
2025-07-12,2025-07-12 01:24:00,CROSSUSDT,CORTO,ALCISTA,0.15522184378935897,0.1676395912925077,0.16775785173076016,stop,-16.36,-1.021,0.208,0.0,reciente
2025-07-12,2025-07-13 01:41:00,AINUSDT,CORTO,ALCISTA,0.13129721317166407,0.1418009902253972,0.14191452453334838,stop,-18.252,-1.14,0.208,1.871,reciente
2025-07-17,2025-07-17 05:01:00,VELVETUSDT,CORTO,ALCISTA,0.05940932839374488,0.06416207466524447,0.06420229294637818,stop,-16.323,-1.02,0.208,-0.02,reciente
2025-07-17,2025-07-18 03:11:00,TACUSDT,CORTO,ALCISTA,0.015672414420407475,0.016926207574040075,0.01693586658409464,stop,-15.953,-0.997,0.208,-0.379,reciente
2025-07-17,2025-07-18 03:02:00,CUSDT,CORTO,ALCISTA,0.15501176179434156,0.16741270273788889,0.16748740310150087,stop,-15.782,-0.986,0.208,-0.522,reciente
2025-07-19,2025-07-24 02:41:00,ERAUSDT,CORTO,ALCISTA,1.354609450111759,1.4629782061206997,1.4635066628098263,stop,-25.778,-1.61,0.208,9.492,reciente
2025-07-23,2025-07-23 05:03:00,TAUSDT,CORTO,ALCISTA,0.10385335210380094,0.11216162027210502,0.11222133302041179,stop,-16.256,-1.016,0.208,-0.067,reciente
2025-07-27,2025-07-27 13:56:00,ZORAUSDT,CORTO,ALCISTA,0.0789757430068973,0.0852938024474491,0.08531827651811172,stop,-19.315,-1.207,0.208,3.045,reciente
2025-07-27,2025-07-28 16:20:00,TAGUSDT,CORTO,ALCISTA,0.000745479343924101,0.0008051176914380291,0.0008056223527170072,stop,-16.217,-1.013,0.208,-0.126,reciente
2025-07-31,2025-07-31 08:43:00,ZRCUSDT,CORTO,ALCISTA,0.0358625789148217,0.03873158522800744,0.03875162564902185,stop,-16.403,-1.025,0.208,0.083,reciente
2025-07-31,2025-07-31 00:06:00,ESPORTSUSDT,CORTO,ALCISTA,0.14333397979491372,0.15480069817850683,0.15489160286071127,stop,-16.335,-1.019,0.208,0.0,reciente
2025-07-31,2025-08-01 10:38:00,TREEUSDT,CORTO,ALCISTA,0.5311309857702535,0.5736214646318738,0.5737919019299891,stop,-16.49,-1.03,0.208,0.217,reciente
2025-08-01,2025-08-01 22:59:00,A2ZUSDT,CORTO,ALCISTA,0.004998179469699662,0.005398033827275635,0.005400069410428972,stop,-16.439,-1.027,0.208,0.15,reciente
2025-08-02,2025-08-04 08:55:00,PLAYUSDT,CORTO,ALCISTA,0.03291036319339045,0.03554319224886168,0.03555988532693096,stop,-13.832,-0.864,0.208,-2.478,reciente
2025-08-02,2025-08-09 00:00:00,NAORISUSDT,CORTO,ALCISTA,0.041280856739771554,0.044583325278953284,0.03242196237272111,tiempo_max,45.028,2.813,0.179,-2.286,reciente
2025-08-07,2025-08-09 17:43:00,PROVEUSDT,CORTO,ALCISTA,1.0914729365241642,1.1787907714460975,1.179157150602048,stop,-17.319,-1.082,0.208,1.044,reciente
2025-08-07,2025-08-08 06:31:00,TOWNSUSDT,CORTO,ALCISTA,0.03241828002757334,0.03501174242977921,0.035025238329086446,stop,-18.661,-1.166,0.208,2.37,reciente
2025-08-08,2025-08-09 20:41:00,ALLUSDT,CORTO,ALCISTA,1.0975708604940737,1.1853765293335996,1.1859035911544775,stop,-16.365,-1.021,0.208,0.06,reciente
2025-08-09,2025-08-13 15:12:00,YALAUSDT,CORTO,ALCISTA,0.41753333074562815,0.45093599720527844,0.2505765920799385,objetivo,80.281,5.017,0.16,-0.468,reciente
2025-08-09,2025-08-09 05:10:00,INUSDT,CORTO,ALCISTA,0.08272627612908988,0.08934437821941707,0.08938826315485496,stop,-16.294,-1.018,0.208,-0.02,reciente
2025-08-09,2025-08-10 02:49:00,CARVUSDT,CORTO,ALCISTA,0.30436252660830654,0.32871152873697107,0.32888925224846444,stop,-15.966,-0.997,0.208,-0.359,reciente
2025-08-15,2025-08-15 01:27:00,XNYUSDT,CORTO,ALCISTA,0.017590374024048904,0.01899760394597282,0.019005594311974534,stop,-16.299,-1.018,0.208,0.0,reciente
2025-08-15,2025-08-15 07:32:00,AIOUSDT,CORTO,ALCISTA,0.07897369725521552,0.08529159303563277,0.0853320116020433,stop,-16.3,-1.018,0.208,-0.01,reciente
2025-08-17,2025-08-21 23:25:00,USELESSUSDT,CORTO,ALCISTA,0.3562820616466217,0.38478462657835144,0.21383300298123673,objetivo,80.101,5.006,0.16,-0.297,reciente
2025-08-20,2025-08-25 20:35:00,DAMUSDT,CORTO,ALCISTA,0.07431106013274578,0.08025594494336545,0.04459858420027234,objetivo,80.304,5.018,0.16,-0.496,reciente
2025-08-22,2025-08-22 02:27:00,SAPIENUSDT,CORTO,ALCISTA,0.191961339856,0.20731824704448001,0.2073930721172747,stop,-16.577,-1.036,0.208,0.291,reciente
2025-08-22,2025-08-22 02:28:00,CUDISUSDT,CORTO,ALCISTA,0.09785106361541016,0.10567914870464297,0.10572793024419398,stop,-16.298,-1.018,0.208,-0.01,reciente
2025-08-24,2025-08-24 14:58:00,XPLUSDT,CORTO,ALCISTA,0.5421229947000566,0.5854928342760612,0.5856905337760505,stop,-16.24,-1.015,0.208,-0.04,reciente
2025-08-25,2025-08-25 07:45:00,WLFIUSDT,CORTO,ALCISTA,0.2225242672360017,0.24032620861488183,0.240394783847406,stop,-16.26,-1.016,0.208,-0.01,reciente
2025-08-27,2025-08-27 21:36:00,SOMIUSDT,CORTO,ALCISTA,1.5300587374119483,1.6524634364049042,1.6533722171511485,stop,-16.267,-1.016,0.208,-0.06,reciente
2025-08-28,2025-08-28 02:30:00,BASUSDT,CORTO,ALCISTA,0.021030087289626614,0.022712494272796743,0.022723131751595023,stop,-16.309,-1.019,0.208,0.0,reciente
2025-08-29,2025-09-05 00:00:00,BTRUSDT,CORTO,ALCISTA,0.0811102935377234,0.08759911702074127,0.052126837123623725,tiempo_max,72.076,4.503,0.164,-0.774,reciente
2025-08-30,2025-08-30 22:12:00,MITOUSDT,CORTO,ALCISTA,0.22007075171809412,0.23767641185554167,0.2377639504648024,stop,-18.042,-1.127,0.208,1.755,reciente
2025-08-31,2025-08-31 03:09:00,HEMIUSDT,CORTO,ALCISTA,0.01834349104366326,0.019810970327156324,0.01982018034788485,stop,-16.299,-1.018,0.208,-0.01,reciente
2025-09-03,2025-09-10 00:00:00,LINEAUSDT,CORTO,ALCISTA,0.03460665964701691,0.037375192418778264,0.027519459867879858,tiempo_max,41.127,2.569,0.18,-0.348,reciente
2025-09-04,2025-09-04 03:03:00,QUSDT,CORTO,ALCISTA,0.010396374749943229,0.011228084729938689,0.011233114585594325,stop,-16.295,-1.018,0.208,-0.01,reciente
2025-09-05,2025-09-07 08:08:00,TAKEUSDT,CORTO,ALCISTA,0.17316075616363868,0.1870136166567298,0.18708550999778176,stop,-16.041,-1.003,0.208,-0.25,reciente
2025-09-05,2025-09-05 00:25:00,ARIAUSDT,CORTO,ALCISTA,0.12017397179963134,0.12978788954360185,0.12985357260106056,stop,-16.441,-1.027,0.208,0.124,reciente
2025-09-05,2025-09-05 00:19:00,PTBUSDT,CORTO,ALCISTA,0.03604669660244449,0.03893043233064006,0.03894562072088617,stop,-16.709,-1.044,0.208,0.417,reciente
2025-09-10,2025-09-10 03:04:00,OPENUSDT,CORTO,ALCISTA,1.1136331172137424,1.202723766590842,1.2032227164030656,stop,-16.298,-1.018,0.208,0.0,reciente
2025-09-11,2025-09-12 14:41:00,AVNTUSDT,CORTO,ALCISTA,0.3518736604202953,0.3800235532539189,0.3801846385588496,stop,-16.193,-1.012,0.208,-0.106,reciente
2025-09-11,2025-09-15 06:13:00,FLOCKUSDT,CORTO,ALCISTA,0.3689611329936653,0.39847802363315854,0.3986750747278507,stop,-15.622,-0.976,0.208,-0.693,reciente
2025-09-11,2025-09-14 00:30:00,SKYUSDT,CORTO,ALCISTA,0.07227364724449448,0.07805553902405404,0.07808289610961257,stop,-17.229,-1.076,0.208,0.945,reciente
2025-09-13,2025-09-20 00:00:00,HOLOUSDT,CORTO,ALCISTA,0.42977202339968074,0.46415378527165524,0.35609197221606836,tiempo_max,33.727,2.107,0.183,0.378,reciente
2025-09-14,2025-09-14 06:51:00,XPINUSDT,CORTO,ALCISTA,0.0016020481635425003,0.0017302120166259004,0.0017310957199969442,stop,-16.083,-1.005,0.208,-0.235,reciente
2025-09-14,2025-09-14 00:07:00,UBUSDT,CORTO,ALCISTA,0.043654564403092684,0.047146929555340104,0.047168313934110744,stop,-16.222,-1.013,0.208,-0.084,reciente
2025-09-17,2025-09-21 02:46:00,ZKCUSDT,CORTO,ALCISTA,0.8047663733582932,0.8691476832269567,0.8694254288469346,stop,-16.391,-1.024,0.208,0.114,reciente
2025-09-19,2025-09-19 00:06:00,STBLUSDT,CORTO,ALCISTA,0.2294574291514833,0.24781402348360196,0.24791154848594293,stop,-16.293,-1.018,0.208,0.0,reciente
2025-09-19,2025-09-26 00:00:00,TOSHIUSDT,CORTO,ALCISTA,0.000865222707748283,0.0009344405243681456,0.0007164691803416626,tiempo_max,31.971,1.998,0.183,2.231,reciente
2025-09-19,2025-09-21 11:08:00,0GUSDT,CORTO,ALCISTA,2.8057887218411364,3.0302518195884276,3.031802224273451,stop,-16.185,-1.011,0.208,-0.134,reciente
2025-09-20,2025-09-20 12:02:00,BARDUSDT,CORTO,ALCISTA,0.9282464915757009,1.002506210901757,1.0028068739815916,stop,-16.256,-1.016,0.208,-0.017,reciente
2025-09-20,2025-09-20 06:26:00,AIAUSDT,CORTO,ALCISTA,0.3922858968005248,0.4236687685445668,0.42383369910126756,stop,-16.149,-1.009,0.208,-0.143,reciente
2025-09-21,2025-09-21 01:54:00,TRADOORUSDT,CORTO,ALCISTA,3.2304465575063577,3.4888822821068666,3.4908262905160936,stop,-16.328,-1.02,0.208,0.0,reciente
2025-09-21,2025-09-21 04:07:00,ASTERUSDT,CORTO,ALCISTA,1.6602460231700784,1.793065705023685,1.793599754103781,stop,-15.857,-0.991,0.208,-0.416,reciente
2025-09-25,2025-09-26 13:01:00,BLESSUSDT,CORTO,ALCISTA,0.0521475322962918,0.056319334879995145,0.031292330949399455,objetivo,80.146,5.007,0.16,-0.32,reciente
2025-09-26,2025-09-26 03:40:00,FLUIDUSDT,CORTO,ALCISTA,5.6098572437925025,6.058645823295903,6.061694648998944,stop,-16.317,-1.019,0.208,0.0,reciente
2025-09-27,2025-09-27 14:03:00,COAIUSDT,CORTO,ALCISTA,0.17295044825943204,0.1867864841201866,0.18688997617723455,stop,-15.61,-0.975,0.208,-0.718,reciente
2025-09-28,2025-09-28 00:49:00,HANAUSDT,CORTO,ALCISTA,0.06745403661229334,0.0728503595412768,0.07288551898437005,stop,-16.312,-1.019,0.208,0.0,reciente
2025-09-28,2025-09-30 00:46:00,MIRAUSDT,CORTO,ALCISTA,1.2162160404761435,1.3135133237142351,0.7298106641806245,objetivo,78.856,4.927,0.16,0.97,reciente
2025-09-28,2025-09-28 19:29:00,ORDERUSDT,CORTO,ALCISTA,0.24857741559337804,0.2684636088408483,0.26859296813988115,stop,-16.274,-1.016,0.208,-0.038,reciente
2025-09-28,2025-09-28 04:27:00,AKEUSDT,CORTO,ALCISTA,0.0016084947925124895,0.0017371743759134887,0.0017380424864952638,stop,-16.407,-1.025,0.208,0.091,reciente
2025-09-29,2025-09-29 00:36:00,LIGHTUSDT,CORTO,ALCISTA,0.9707525961406881,1.0484128038319431,1.0488811490429717,stop,-16.305,-1.018,0.208,0.0,reciente
2025-10-01,2025-10-01 13:47:00,FFUSDT,CORTO,ALCISTA,0.19079235535438313,0.2060557437827338,0.20611707451010894,stop,-16.435,-1.027,0.208,0.162,reciente
2025-10-01,2025-10-01 08:35:00,XANUSDT,CORTO,ALCISTA,0.12073211523184116,0.13039068445038846,0.13045177221916993,stop,-16.38,-1.023,0.208,0.07,reciente
2025-10-02,2025-10-02 01:50:00,EDENUSDT,CORTO,ALCISTA,0.38655750616025913,0.4174821066530799,0.41763941651632286,stop,-16.289,-1.018,0.208,0.0,reciente
2025-10-02,2025-10-02 01:05:00,VFYUSDT,CORTO,ALCISTA,0.09345521524468234,0.10093163246425693,0.10099044702203508,stop,-16.334,-1.02,0.208,0.0,reciente
2025-10-03,2025-10-03 01:06:00,TRUTHUSDT,CORTO,ALCISTA,0.013157167684164878,0.01420974109889807,0.01421738942005919,stop,-16.314,-1.019,0.208,-0.01,reciente
2025-10-03,2025-10-10 00:00:00,NOMUSDT,CORTO,ALCISTA,0.03873029567792852,0.0418287193321628,0.02935376313641462,tiempo_max,48.602,3.037,0.176,-0.358,reciente
2025-10-04,2025-10-10 17:21:00,2ZUSDT,CORTO,ALCISTA,0.5208942491788341,0.5625657891131408,0.3125591105328561,objetivo,79.458,4.964,0.16,0.373,reciente
2025-10-05,2025-10-05 16:19:00,EVAAUSDT,CORTO,ALCISTA,3.6605352787419747,3.953378101041333,3.9548174329385755,stop,-16.038,-1.002,0.208,-0.248,reciente
2025-10-08,2025-10-08 10:19:00,LYNUSDT,CORTO,ALCISTA,0.2893518013592083,0.31249994546794496,0.3126302485974926,stop,-15.454,-0.965,0.208,-0.844,reciente
2025-10-09,2025-10-09 02:03:00,KGENUSDT,CORTO,ALCISTA,0.24122612804290683,0.26052421828633937,0.260649330150824,stop,-16.236,-1.014,0.208,-0.075,reciente
2025-10-10,2025-10-10 21:14:00,4USDT,CORTO,ALCISTA,0.16027529493350892,0.17309731852818966,0.0961844939977485,objetivo,80.544,5.032,0.16,-0.729,reciente
2025-10-11,2025-10-11 01:47:00,GIGGLEUSDT,CORTO,ALCISTA,106.359441534237,114.86819685697597,114.9318286226554,stop,-16.328,-1.02,0.208,0.0,reciente
2025-10-12,2025-10-19 00:00:00,MONUSDT,CORTO,ALCISTA,0.09058567446216216,0.09783252841913515,0.06330072424812287,tiempo_max,60.409,3.773,0.17,-0.337,reciente
2025-10-12,2025-10-12 16:40:00,YBUSDT,CORTO,ALCISTA,1.3271844715288763,1.4333592292511865,1.4343454340608868,stop,-16.31,-1.019,0.208,-0.046,reciente
2025-10-13,2025-10-13 03:51:00,METUSDT,CORTO,ALCISTA,1.4262147178434121,1.5403118952708852,1.541215130598625,stop,-16.325,-1.02,0.208,-0.01,reciente
2025-10-15,2025-10-22 00:00:00,EULUSDT,CORTO,ALCISTA,8.959115962223079,9.675845239200926,7.4689477314767885,tiempo_max,33.344,2.083,0.183,-0.261,reciente
2025-10-16,2025-10-16 13:09:00,ENSOUSDT,CORTO,ALCISTA,2.318885354132043,2.5043961824626066,2.5056160552489124,stop,-16.471,-1.028,0.208,0.157,reciente
2025-10-16,2025-10-17 06:58:00,CLOUSDT,CORTO,ALCISTA,0.5496873380312207,0.5936623250737184,0.33002784905639126,objetivo,79.959,4.999,0.16,-0.197,reciente
2025-10-17,2025-10-17 05:29:00,RECALLUSDT,CORTO,ALCISTA,0.3261289390398644,0.35221925416305355,0.35241190175115117,stop,-16.414,-1.025,0.208,0.088,reciente
2025-10-19,2025-10-19 02:01:00,ZBTUSDT,CORTO,ALCISTA,0.33809153057418806,0.3651388530201231,0.3652842026246462,stop,-17.305,-1.081,0.208,1.011,reciente
2025-10-19,2025-10-19 04:05:00,LABUSDT,CORTO,ALCISTA,0.17839908728566664,0.19267101426851999,0.19279254489656106,stop,-16.401,-1.024,0.208,0.057,reciente
2025-10-19,2025-10-21 08:38:00,RIVERUSDT,CORTO,ALCISTA,4.354371028553592,4.7027207108378795,4.705146242592422,stop,-15.012,-0.938,0.208,-1.307,reciente
2025-10-20,2025-10-20 00:43:00,RVVUSDT,CORTO,ALCISTA,0.01076319254047238,0.011624247943710172,0.011630831961252029,stop,-16.519,-1.031,0.208,0.189,reciente
2025-10-23,2025-10-23 01:00:00,BLUAIUSDT,CORTO,ALCISTA,0.021987025315944066,0.023745987341219594,0.02375982135836077,stop,-16.334,-1.021,0.208,0.0,reciente
2025-10-24,2025-10-25 03:46:00,TURTLEUSDT,CORTO,ALCISTA,0.17513811329278425,0.18914916235620702,0.189226877510532,stop,-16.633,-1.039,0.208,0.336,reciente
2025-10-25,2025-10-30 10:13:00,APRUSDT,CORTO,ALCISTA,0.46654282144905596,0.5038662471649805,0.28001253191410963,objetivo,80.43,5.026,0.16,-0.627,reciente
2025-10-26,2025-10-26 01:08:00,ONUSDT,CORTO,ALCISTA,0.2349070065309828,0.2536995670534614,0.2538191690118834,stop,-16.3,-1.019,0.208,-0.01,reciente
2025-10-29,2025-11-03 15:32:00,COMMONUSDT,CORTO,ALCISTA,0.015072742057766214,0.01627856142238751,0.009046221858044082,objetivo,80.971,5.058,0.16,-1.165,reciente
2025-10-29,2025-11-04 04:56:00,42USDT,CORTO,ALCISTA,0.13412638645373293,0.14485649737003156,0.08051553643753452,objetivo,81.434,5.089,0.16,-1.653,reciente
2025-10-31,2025-11-02 03:51:00,ATUSDT,CORTO,ALCISTA,0.38563848494134834,0.41648956373665624,0.41667206566670145,stop,-15.924,-0.995,0.208,-0.379,reciente
2025-10-31,2025-10-31 01:39:00,KITEUSDT,CORTO,ALCISTA,0.16238473537317566,0.17537551420302971,0.17545280368739816,stop,-16.303,-1.018,0.208,0.0,reciente
2025-11-02,2025-11-02 05:52:00,CCUSDT,CORTO,ALCISTA,0.1579087008945324,0.17054139696609502,0.1706271272000563,stop,-16.297,-1.018,0.208,-0.02,reciente
2025-11-06,2025-11-12 00:53:00,MMTUSDT,CORTO,LATERAL_TRANQUILO,0.7484088941337647,0.8082816056644658,0.4490787696865897,objetivo,74.252,4.639,0.16,5.579,reciente
2025-11-07,2025-11-07 06:57:00,TRUSTUSDT,CORTO,LATERAL_TRANQUILO,0.18610789402833997,0.20099652555060718,0.20108934551369187,stop,-16.545,-1.034,0.208,0.237,reciente
2025-11-08,2025-11-08 01:46:00,STABLEUSDT,CORTO,LATERAL_TRANQUILO,0.05397915442848168,0.05829748678276022,0.05833886168879223,stop,-16.351,-1.021,0.208,-0.01,reciente
2025-11-08,2025-11-08 02:32:00,FOLKSUSDT,CORTO,LATERAL_TRANQUILO,4.704209759704354,5.080546540480703,5.083308515297083,stop,-16.226,-1.013,0.208,-0.099,reciente
2025-11-08,2025-11-08 00:51:00,UAIUSDT,CORTO,LATERAL_TRANQUILO,0.24538848214626993,0.26501956071797156,0.265156512721312,stop,-16.223,-1.013,0.208,-0.097,reciente
2025-11-12,2025-11-12 03:09:00,JCTUSDT,CORTO,LATERAL_TRANQUILO,0.0038021594092664582,0.004106332162007775,0.0041086634440121415,stop,-16.331,-1.02,0.208,0.0,reciente
2025-11-13,2025-11-15 11:46:00,ALLOUSDT,CORTO,LATERAL_TRANQUILO,0.3504752578984781,0.3785132785303564,0.21030457673563854,objetivo,79.822,4.987,0.16,0.007,reciente
2025-11-14,2025-11-14 21:03:00,BEATUSDT,CORTO,LATERAL_TRANQUILO,0.45876877407626027,0.4954702760023611,0.49568340722889187,stop,-16.121,-1.007,0.208,-0.18,reciente
2025-11-14,2025-11-17 12:14:00,CLANKERUSDT,CORTO,LATERAL_TRANQUILO,65.99157473565977,71.27090071451255,71.30899245005709,stop,-16.291,-1.018,0.208,-0.033,reciente
2025-11-16,2025-11-21 22:04:00,SENTUSDT,CORTO,LATERAL_TRANQUILO,0.07075192486529167,0.07641207885451501,0.04247075934964058,objetivo,80.095,5.003,0.16,-0.31,reciente
2025-11-16,2025-11-16 14:32:00,PIEVERSEUSDT,CORTO,LATERAL_TRANQUILO,0.34675066591000986,0.3744907191828107,0.3746104909349735,stop,-16.167,-1.01,0.208,-0.11,reciente
2025-11-23,2025-11-23 02:05:00,BOBUSDT,CORTO,LATERAL_TRANQUILO,0.014146906158252336,0.015278658650912524,0.015289562788071445,stop,-16.362,-1.022,0.208,0.0,reciente
2025-11-28,2025-12-05 00:00:00,IRYSUSDT,CORTO,LATERAL_TRANQUILO,0.0401749429881525,0.043388938427204704,0.03588766913997164,tiempo_max,18.885,1.18,0.189,2.269,reciente
2025-12-04,2025-12-04 12:16:00,RLSUSDT,CORTO,BAJISTA,0.023353623954019784,0.025221913870341367,0.025233979698403474,stop,-16.329,-1.02,0.208,0.017,reciente
2025-12-08,2025-12-08 00:06:00,POWERUSDT,CORTO,BAJISTA,0.17951100777828877,0.1938718884005519,0.19398680053762946,stop,-16.336,-1.02,0.208,0.0,reciente
2025-12-12,2025-12-12 02:47:00,NIGHTUSDT,CORTO,BAJISTA,0.04540355672538083,0.049035841263411296,0.049055494140120746,stop,-16.857,-1.053,0.208,0.563,reciente
2025-12-12,2025-12-12 03:01:00,WETUSDT,CORTO,BAJISTA,0.19161220640361865,0.20694118291590816,0.2070412553569162,stop,-16.302,-1.018,0.208,-0.01,reciente
2025-12-14,2025-12-15 15:35:00,USUSDT,CORTO,BAJISTA,0.014673108834815322,0.015846957541600547,0.01586443578068865,stop,-16.236,-1.014,0.208,-0.21,reciente
2025-12-14,2025-12-14 03:18:00,CYSUSDT,CORTO,BAJISTA,0.3015871342512783,0.3257141049913806,0.32591142248006566,stop,-16.339,-1.021,0.208,0.0,reciente
2025-12-16,2025-12-16 03:27:00,RAVEUSDT,CORTO,BAJISTA,0.4315945445750196,0.46612210814102123,0.46633222259580126,stop,-16.199,-1.012,0.208,-0.106,reciente
2025-12-23,2025-12-30 00:00:00,GUAUSDT,CORTO,BAJISTA,0.1480108548247051,0.15985172321068153,0.11463966934274473,tiempo_max,46.459,2.901,0.177,-1.543,reciente
2025-12-23,2025-12-23 02:09:00,ZKPUSDT,CORTO,BAJISTA,0.16117359076679186,0.17406747802813521,0.17416734834559708,stop,-16.332,-1.02,0.208,0.0,reciente
2025-12-23,2025-12-28 21:41:00,IRUSDT,CORTO,BAJISTA,0.17134550422079867,0.18505314455846258,0.10280435836399192,objetivo,80.837,5.047,0.16,-0.993,reciente
2026-01-01,2026-01-03 09:05:00,BREVUSDT,CORTO,BAJISTA,0.40224869181787054,0.43442858716330024,0.43488095675360133,stop,-16.286,-1.016,0.208,-0.147,reciente
2026-01-02,2026-01-02 00:44:00,MAGMAUSDT,CORTO,BAJISTA,0.1342921190513735,0.1450354885754834,0.14512198362278897,stop,-16.327,-1.02,0.208,-0.01,reciente
2026-01-02,2026-01-02 21:49:00,COLLECTUSDT,CORTO,BAJISTA,0.08143356509624157,0.0879482503039409,0.08799893333746675,stop,-15.644,-0.977,0.208,-0.688,reciente
2026-01-11,2026-01-11 19:16:00,ZAMAUSDT,CORTO,BAJISTA,0.10473200254569306,0.11311056274934851,0.11317318305087747,stop,-16.277,-1.017,0.208,-0.051,reciente
2026-01-12,2026-01-12 12:51:00,FOGOUSDT,CORTO,BAJISTA,0.056410767212243695,0.06092362858922319,0.06095612339371649,stop,-16.283,-1.017,0.208,-0.041,reciente
2026-01-17,2026-01-17 02:51:00,FRAXUSDT,CORTO,BAJISTA,0.7564300195993253,0.8169444211672714,0.8172872855970699,stop,-16.299,-1.018,0.208,0.0,reciente
2026-01-18,2026-01-25 00:00:00,SPORTFUNUSDT,CORTO,BAJISTA,0.09549712849750498,0.10313689877730539,0.06448234705613697,tiempo_max,65.608,4.098,0.168,-0.821,reciente
2026-01-23,2026-01-23 02:05:00,ACUUSDT,CORTO,BAJISTA,0.13423957181824933,0.1449787375637093,0.1450736434965152,stop,-16.339,-1.02,0.208,-0.01,reciente
2026-01-24,2026-01-24 00:15:00,ELSAUSDT,CORTO,BAJISTA,0.1668544210280267,0.18020277471026885,0.18031109984622382,stop,-16.701,-1.043,0.208,0.363,reciente
2026-01-24,2026-01-24 12:28:00,SKRUSDT,CORTO,BAJISTA,0.03083499781716172,0.03330179764253466,0.033321925809676134,stop,-16.836,-1.052,0.208,0.498,reciente
2026-01-25,2026-01-25 03:30:00,FIGHTUSDT,CORTO,BAJISTA,0.024752635492688264,0.026732846332103325,0.026749493739015216,stop,-16.333,-1.02,0.208,-0.01,reciente
2026-01-25,2026-01-25 00:37:00,SPACEUSDT,CORTO,BAJISTA,0.018421934297089812,0.019895689040857,0.019906999704226637,stop,-16.057,-1.003,0.208,-0.274,reciente
2026-01-31,2026-01-31 00:28:00,BIRBUSDT,CORTO,BAJISTA,0.24059976151606494,0.25984774243735015,0.2599875390368384,stop,-16.324,-1.02,0.208,0.0,reciente
2026-01-31,2026-01-31 10:06:00,GWEIUSDT,CORTO,BAJISTA,0.03985275011357664,0.043040970122662774,0.04306045739677008,stop,-16.189,-1.012,0.208,-0.116,reciente
2026-02-01,2026-02-01 02:41:00,MEGAUSDT,CORTO,BAJISTA,0.14052618594489663,0.15176828082048838,0.15186963541160986,stop,-16.342,-1.021,0.208,-0.01,reciente
2026-02-01,2026-02-08 00:00:00,INXUSDT,CORTO,BAJISTA,0.01531501096657432,0.016540211843900265,0.012025440518404127,tiempo_max,39.525,2.469,0.179,3.255,reciente
2026-02-08,2026-02-13 23:08:00,TRIAUSDT,CORTO,BAJISTA,0.018828069516678977,0.020334315078013296,0.020345302069676243,stop,-16.974,-1.061,0.208,0.65,reciente
2026-02-12,2026-02-12 07:29:00,ESPUSDT,CORTO,BAJISTA,0.07737824345253237,0.08356850292873497,0.08362815935164028,stop,-16.352,-1.021,0.208,-0.01,reciente
2026-02-13,2026-02-13 04:17:00,AZTECUSDT,CORTO,BAJISTA,0.020447804650493083,0.022083629022532532,0.022096304026515582,stop,-16.448,-1.027,0.208,0.116,reciente
2026-02-23,2026-03-02 00:00:00,OPNUSDT,CORTO,BAJISTA,0.7187487434019862,0.7762486428741452,0.44783709631268065,tiempo_max,75.538,4.719,0.162,-0.316,reciente
2026-03-01,2026-03-01 23:19:00,ROBOUSDT,CORTO,BAJISTA,0.03756145107176743,0.040566367157508824,0.04058597648847416,stop,-16.873,-1.054,0.208,0.56,reciente
2026-03-04,2026-03-11 00:00:00,KATUSDT,CORTO,BAJISTA,0.018167824205561168,0.019621250142006063,0.013544273049597494,tiempo_max,51.046,3.188,0.175,-0.322,reciente
2026-03-06,2026-03-13 00:00:00,MANTRAUSDT,CORTO,BAJISTA,0.02126219054892349,0.02296316579283737,0.016186116167309087,tiempo_max,31.107,1.943,0.176,16.464,reciente
2026-03-18,2026-03-25 00:00:00,CFGUSDT,CORTO,BAJISTA,0.15783668722059824,0.1704636221982461,0.13235554259468255,tiempo_max,5.995,0.375,0.184,26.109,reciente
2026-03-21,2026-03-22 14:21:00,EDGEUSDT,CORTO,BAJISTA,0.7065980699525071,0.7631259155487077,0.7635709226302531,stop,-16.245,-1.014,0.208,-0.089,reciente
2026-03-27,2026-03-27 08:29:00,BSBUSDT,CORTO,BAJISTA,0.16564909151195997,0.17890101883291679,0.1789894258512085,stop,-16.268,-1.017,0.208,-0.046,reciente
2026-04-01,2026-04-07 08:27:00,BASEDUSDT,CORTO,BAJISTA,0.08950810435323615,0.09666875270149505,0.05368971119969681,objetivo,78.375,4.893,0.16,1.499,reciente
2026-04-03,2026-04-03 09:47:00,PRLUSDT,CORTO,BAJISTA,0.14406045227235398,0.1555852884541423,0.15573799691061338,stop,-16.443,-1.027,0.208,0.022,reciente
2026-04-18,2026-04-18 12:03:00,CHIPUSDT,CORTO,BAJISTA,0.03349469420893374,0.03617426974564844,0.03619590752928631,stop,-16.296,-1.017,0.208,-0.042,reciente
2026-04-18,2026-04-18 06:17:00,GENIUSUSDT,CORTO,BAJISTA,0.6971191052663789,0.7528886336876892,0.7535674903456198,stop,-16.383,-1.023,0.208,-0.02,reciente
2026-04-24,2026-05-01 00:00:00,OPGUSDT,CORTO,BAJISTA,0.3395969687046086,0.36676472620097733,0.23119970904689666,tiempo_max,63.661,3.978,0.168,0.01,reciente
2026-05-01,2026-05-01 01:52:00,AIGENSYNUSDT,CORTO,BAJISTA,0.03903971274607181,0.042162889765757564,0.04218464609634149,stop,-16.32,-1.019,0.208,0.0,reciente
2026-05-09,2026-05-09 12:22:00,BILLUSDT,CORTO,BAJISTA,0.095728147367779,0.10338639915720133,0.1034249504707263,stop,-16.228,-1.014,0.208,-0.06,reciente
2026-05-16,2026-05-19 18:33:00,STARUSDT,CORTO,BAJISTA,0.1879140286235473,0.2029471509134311,0.20311028575283274,stop,-15.378,-0.961,0.208,-1.004,reciente
2026-05-16,2026-05-16 09:20:00,PHAROSUSDT,CORTO,BAJISTA,0.7091181826765047,0.7658476372906251,0.7662305391890314,stop,-16.598,-1.037,0.208,0.282,reciente
2026-05-30,2026-05-31 13:34:00,CTRUSDT,CORTO,BAJISTA,0.017065663726136594,0.01843091682422752,0.018445711485919027,stop,-16.299,-1.017,0.208,-0.082,reciente
2026-06-03,2026-06-03 05:02:00,SLXUSDT,CORTO,BAJISTA,0.3263143446610082,0.3524194922338889,0.3525830965742395,stop,-20.397,-1.274,0.208,4.089,reciente
2026-06-06,2026-06-06 19:16:00,BTWUSDT,CORTO,BAJISTA,0.05433299012680523,0.05867962933694965,0.05872593697158118,stop,-16.218,-1.013,0.208,-0.161,reciente
2026-06-06,2026-06-06 09:34:00,ZESTUSDT,CORTO,BAJISTA,0.2721054888457684,0.2938739279534299,0.29404315426779415,stop,-16.274,-1.017,0.208,-0.058,reciente
2026-06-10,2026-06-13 17:50:00,IWMUSDT,CORTO,BAJISTA,284.1820433023092,306.91660676649394,307.4563100431565,stop,-16.588,-1.036,0.208,0.0,reciente
2026-06-12,2026-06-19 00:00:00,XLEUSDT,CORTO,BAJISTA,57.13097811121227,61.701456360109255,54.0409868274155,tiempo_max,10.629,0.664,0.195,-0.006,reciente
2026-06-12,2026-06-19 00:00:00,ZMUSDT,CORTO,BAJISTA,92.24544736293181,99.62508315196636,86.58878657852482,tiempo_max,12.217,0.762,0.194,-0.147,reciente
2026-06-12,2026-06-19 00:00:00,EWZUSDT,CORTO,BAJISTA,34.80364725002474,37.58793903002672,33.90821411049354,tiempo_max,4.778,0.298,0.197,0.17,reciente
