periodo,th,n,exp,pos_medias,pos_max_aprox,anual_sobre_capital_desplegado,beneficio_total,rent_anual_sobre_capital_medio
val0,0.0001,638,5.0085521077074056,34.04030995280996,69,33.072915274593264,3195.456244717325,33.07291527459326
val0,0.00015,431,7.507248395291162,29.185320141570145,59,39.05950214317635,3235.6240583704907,39.05950214317635
val0,0.0002,414,7.761665750410849,28.32585531960532,57,39.96735001658399,3213.329620670092,39.96735001658399
val0,0.0003,385,8.255213189974317,27.242575611325613,55,41.10304220256983,3178.257078140112,41.10304220256983
val1,0.0001,1404,0.0573084135142137,23.603718882817244,48,0.5665856733575988,80.46101257395614,0.5665856733575989
val1,0.00015,200,2.6575733042377654,7.040003288807934,15,12.548820723822818,531.514660847553,12.548820723822818
val1,0.0002,176,3.03574203515622,6.617282685691155,14,13.42018098965045,534.2905981874947,13.420180989650454
val1,0.0003,154,3.326787719331968,5.979446215341024,12,14.241160314051008,512.325308777123,14.241160314051008
val2,0.0001,1104,0.5998091587616109,26.25034962514417,53,3.982466295177516,662.1893112728184,3.9824662951775154
val2,0.00015,298,2.6887783286309577,11.44838523644752,23,11.049231247205094,801.2559419320254,11.049231247205098
val2,0.0002,263,2.960057687486833,10.35232482698962,21,11.871977576802536,778.4951718090372,11.871977576802536
val2,0.0003,190,3.705337595582636,7.72085135524798,16,14.395316812470304,704.0141431607009,14.395316812470304
reciente,0.0001,1917,-0.3463883487234564,16.37107686453577,33,-5.07011901230921,-664.0264645028659,-5.070119012309209
reciente,0.00015,93,1.2978984226826171,1.860883751902588,4,8.108012737635661,120.7045533094834,8.108012737635663
reciente,0.0002,72,1.739532566077637,1.670087519025875,4,9.374235132198589,125.24634475758988,9.374235132198589
reciente,0.0003,56,1.9048967090227,1.456025494672755,3,9.157996897681937,106.6742157052712,9.157996897681937
