periodo,escenario,n,exp,t,aciertos,PF,total,anual_pct,dias_medios,meses_pos,peor,liq
val0,base 1x,385,8.255213189974317,19.395483104693803,0.8883116883116883,96.9374534052251,3178.257078140112,41.10304220256983,18.326823593073595,1.0,-2.3860651118741005,76
val0,costes x2,385,7.483779255576506,17.582049349435113,0.8285714285714286,38.8881196160353,2881.255013396955,37.26204126990387,18.326823593073595,0.8888888888888888,-3.203182867823105,76
val0,costes x3,385,6.712345321178696,15.768693739772877,0.7558441558441559,19.50954717184344,2584.252948653798,33.42104033723791,18.326823593073595,0.6666666666666666,-4.020300623772108,76
val0,2x,468,5.753856380483468,18.97184367117362,0.8247863247863247,39.80968445528333,2692.8047860662627,46.75084285192289,14.974115622032288,1.0,-2.75771846673835,194
val1,base 1x,154,3.326787719331968,14.255443679772135,0.8571428571428571,39.70173798552784,512.325308777123,14.241160314051008,21.31633748196248,0.5,-1.1749593575387642,14
val1,costes x2,154,2.561469325430355,10.964979382928432,0.7467532467532467,11.580823485955133,394.4662761162747,10.965020428265488,21.31633748196248,0.5,-1.993185244456724,14
val1,costes x3,154,1.796150931528742,7.680874936235503,0.6688311688311688,4.774899853566819,276.60724345542627,7.688880542479964,21.31633748196248,0.5,-2.811411131374684,14
val1,2x,172,2.489843313387216,13.012876337091493,0.8313953488372093,18.359565598873907,428.2530499026012,15.840114633073066,19.124289405684756,0.6666666666666666,-1.739952987611781,46
val2,base 1x,190,3.705337595582636,14.39880543678548,0.9,60.56717173303811,704.0141431607009,14.395316812470304,23.487642543859646,0.9230769230769232,-1.7738058756736534,16
val2,costes x2,190,2.9404212515755006,11.422951145967293,0.8210526315789474,19.34161699821329,558.6800377993451,11.423600248736305,23.487642543859646,0.7692307692307693,-2.5920610547664,16
val2,costes x3,190,2.175504907568364,8.448699967540866,0.7105263157894737,7.630864457139503,413.3459324379891,8.451883685002299,23.487642543859646,0.4615384615384615,-3.410316233859146,16
val2,2x,213,2.8110684759687063,14.044299196839331,0.8403755868544601,22.77942036521167,598.7575853813345,16.21281262234642,21.09524973917579,0.9230769230769232,-1.6590266478170264,51
reciente,base 1x,56,1.9048967090227,6.380840415329532,0.75,10.19689553128468,106.6742157052712,9.157996897681937,18.980332341269843,0.5454545454545454,-2.152252589492404,7
reciente,costes x2,56,1.1376127080277862,3.798263437343635,0.6428571428571429,3.5408950139916398,63.70631164955604,5.469196099470959,18.980332341269843,0.4545454545454545,-2.9701866945680946,7
reciente,costes x3,56,0.3703287070328722,1.2323637466315376,0.5178571428571429,1.4855111559222145,20.738407593840844,1.7803953012599758,18.980332341269843,0.3636363636363636,-3.788120799643784,7
reciente,2x,66,1.141503404563336,5.6131076891548215,0.696969696969697,5.651823508348154,75.33922470118019,7.837881975211493,17.71944444444445,0.5,-1.7853781460373934,21
