trial,fam,tf,inv,salida,lado,n,aciertos,exp_usd,exp_R,pf,beneficio,meses_pos,sharpe_dia,dsr,ops_dia,costes_por_op,estado_r1,criterios_fallidos
10099|obj2R|short,inside_bar,1440,True,obj2R,short,692,0.3959537572254335,6.78383784388304,0.1749961701249163,1.5887263266527654,4694.415787967064,0.5416666666666666,0.09474042760855854,7.521896320798644e-247,0.947945205479452,0.5018621686047017,CERCA_R1,"meses,dsr"
10192|obj30pct|short,max_n_dias,240,False,obj30pct,short,180,0.8666666666666667,2.4224375688405924,0.11775469377055031,1.9776483794246982,436.0387623913066,0.6666666666666666,0.09368511793473683,9.691306096152708e-164,0.2465753424657534,0.2980933700446415,CERCA_R1,dsr
10194|obj50pct|ambos,max_n_dias,1440,False,obj50pct,ambos,713,0.7363253856942497,1.9274009187556447,0.03569378308876693,1.3716925917598723,1374.2368550727747,0.7083333333333334,0.08526171638774742,1.2425390469696357e-174,0.9767123287671233,0.45542246467866737,CERCA_R1,dsr
10099|trail2R|short,inside_bar,1440,True,trail2R,short,692,0.3945086705202312,7.677911292488437,0.23175746781691395,1.6824252286815213,5313.114614401999,0.4583333333333333,0.08000039717234503,0.0,0.947945205479452,0.4971325215540996,CERCA_R1,"meses,dsr"
10192|obj20pct|short,max_n_dias,240,False,obj20pct,short,180,0.9055555555555556,1.4979667716935183,0.08463516391893862,1.8147472596005207,269.6340189048333,0.7619047619047619,0.07956893607646438,3.0036017891473067e-141,0.2465753424657534,0.276565582648277,CERCA_R1,dsr
10099|trail3R|short,inside_bar,1440,True,trail3R,short,692,0.3901734104046243,7.102872360815474,0.21362750578193124,1.612587543201779,4915.187673684308,0.4583333333333333,0.0794945517545164,0.0,0.947945205479452,0.545822744829371,CERCA_R1,"meses,dsr"
10196|obj50pct|long,max_n_dias,1440,False,obj50pct,long,70,0.7857142857142857,3.4437982535629605,0.08274473891864896,1.8278941607444241,241.06587774940724,0.6666666666666666,0.07901369289983644,6.75891773525824e-159,0.0958904109589041,0.44415555877493573,CERCA_R1,dsr
10194|obj50pct|short,max_n_dias,1440,False,obj50pct,short,447,0.7606263982102909,2.6224037383259047,0.047892986554239736,1.5535754362260756,1172.2144710316793,0.6666666666666666,0.07887311087899357,2.097621805148331e-182,0.6123287671232877,0.42283894949888073,CERCA_R1,dsr
10099|obj3R|short,inside_bar,1440,True,obj3R,short,692,0.3916184971098266,7.594906854067741,0.21253282313234753,1.6546013347872408,5255.675543014877,0.4583333333333333,0.07755565045150041,0.0,0.947945205479452,0.5160505657041247,CERCA_R1,"meses,dsr"
10099|obj3R_be|short,inside_bar,1440,True,obj3R_be,short,692,0.40028901734104044,7.228031992987013,0.1994943636583508,1.6461813201900348,5001.798139147013,0.4583333333333333,0.0771892929705718,0.0,0.947945205479452,0.4901360924256961,CERCA_R1,"meses,dsr"
10253|t24h|short,dia_semana,60,True,t24h,short,3914,0.5531425651507409,1.5049437088900561,0.13737173412911674,1.4687051397929476,5890.34967659568,0.75,0.0741715305886836,2.637482734480707e-201,5.361643835616438,0.21879414817529674,CERCA_R1,dsr
10253|t24h|ambos,dia_semana,60,True,t24h,ambos,3914,0.5531425651507409,1.5049437088900561,0.13737173412911674,1.4687051397929476,5890.34967659568,0.75,0.0741715305886836,2.637482734480707e-201,5.361643835616438,0.21879414817529674,CERCA_R1,dsr
93|obj30pct|short,bollinger_rev,240,True,obj30pct,short,260,0.7692307692307693,1.6414885935028123,0.12131216089888046,1.605437475537194,426.7870343107312,0.7083333333333334,0.07220877349507675,2.210094700319615e-168,0.3561643835616438,0.2190705994772935,CERCA_R1,dsr
10192|obj30pct|ambos,max_n_dias,240,False,obj30pct,ambos,266,0.8157894736842105,1.4675222578099756,0.0652749675735627,1.4643811007561012,390.3609205774535,0.6666666666666666,0.07169358323931978,3.859121488342528e-156,0.3643835616438356,0.3195434582421755,CERCA_R1,dsr
10099|obj1R|short,inside_bar,1440,True,obj1R,short,692,0.45809248554913296,4.127384166120148,0.10320229906513768,1.3947240899654902,2856.1498429551425,0.625,0.07109606549158788,3.410914294535379e-225,0.947945205479452,0.5160126305782313,CERCA_R1,dsr
10254|t48h|long,dia_semana,60,False,t48h,long,3921,0.46773782198418773,1.8002855413821048,0.178806056060752,1.4072430636825082,7058.919607759233,0.7083333333333334,0.06854712844160067,1.369551091756323e-183,5.3712328767123285,0.15246972062962283,CERCA_R1,dsr
10254|t48h|ambos,dia_semana,60,False,t48h,ambos,3921,0.46773782198418773,1.8002855413821048,0.178806056060752,1.4072430636825082,7058.919607759233,0.7083333333333334,0.06854712844160067,1.369551091756323e-183,5.3712328767123285,0.15246972062962283,CERCA_R1,dsr
10192|obj50pct|short,max_n_dias,240,False,obj50pct,short,180,0.7722222222222223,3.0401887555574514,0.17541408941187506,1.7045456502661809,547.2339760003413,0.5714285714285714,0.06639216451462338,1.196991418141583e-128,0.2465753424657534,0.3767431675423174,CERCA_R1,"meses,dsr"
10190|obj50pct|short,max_n_dias,240,False,obj50pct,short,560,0.7267857142857143,2.0931716087928236,0.12156060184299083,1.4249355302942435,1172.1761009239813,0.5,0.06638283357808444,6.1609427954248156e-189,0.7671232876712328,0.38712761763413267,CERCA_R1,"meses,dsr"
10194|obj30pct|ambos,max_n_dias,1440,False,obj30pct,ambos,713,0.8162692847124825,1.0231201132832544,0.02336266994447405,1.2826864673300222,729.4846407709604,0.6666666666666666,0.06601715617752495,9.430735348907553e-163,0.9767123287671233,0.3734474448337751,CERCA_R1,dsr
